filename,split,entropy_pseudo,entropy_gt,entropy_diff
svaneti_60.tif,train,0.3472,0.3114,0.0357
kagera_31.tif,train,1.0382,1.1056,-0.0674
ica_35.tif,train,1.0730,1.1454,-0.0724
lohur_24.tif,train,0.9859,1.1626,-0.1766
daressalaam_72.tif,train,0.9650,1.2158,-0.2508
tonga_32.tif,train,0.9560,0.7374,0.2186
lodzkie_9.tif,train,0.6956,0.3588,0.3368
western_24.tif,train,1.1372,0.9844,0.1528
aachen_56.tif,train,1.4645,1.4377,0.0268
ica_12.tif,train,0.5360,0.7576,-0.2216
malopolskie_19.tif,train,0.7401,0.5479,0.1922
mahe_31.tif,train,1.2546,1.2769,-0.0224
accra_57.tif,train,0.4671,0.6755,-0.2084
paris_52.tif,train,1.3310,1.4612,-0.1302
kampala_5.tif,train,1.0698,1.1446,-0.0749
shanghai_25.tif,train,0.7703,0.3941,0.3762
vegas_44.tif,train,0.7848,0.7406,0.0442
duesseldorf_55.tif,train,1.5011,1.4709,0.0302
kagera_57.tif,train,0.7882,1.0492,-0.2611
bielefeld_43.tif,train,1.3412,1.4602,-0.1190
paris_11.tif,train,1.3801,1.4796,-0.0995
mahe_12.tif,train,0.4420,0.4006,0.0414
chisinau_56.tif,train,1.1395,1.1668,-0.0274
ulaanbaatar_43.tif,train,0.9294,1.1059,-0.1765
lodzkie_17.tif,train,0.4625,0.1614,0.3011
kagera_30.tif,train,1.2358,1.3342,-0.0984
zachodniopomorskie_8.tif,train,0.0824,0.2486,-0.1662
slaskie_36.tif,train,0.5115,0.5977,-0.0862
santiago_41.tif,train,1.1485,1.3157,-0.1672
lubuskie_5.tif,train,0.3649,0.4498,-0.0849
vienna_70.tif,train,1.0992,1.1004,-0.0012
tokyo_49.tif,train,1.2830,1.2568,0.0262
sechura_32.tif,train,1.0274,1.1046,-0.0771
kyoto_63.tif,train,1.2542,1.4591,-0.2049
austin_43.tif,train,1.3938,1.4816,-0.0877
lima_46.tif,train,0.7805,0.6638,0.1167
malopolskie_30.tif,train,0.5893,0.4897,0.0996
wielkopolskie_22.tif,train,1.0500,1.1558,-0.1058
vienna_13.tif,train,0.9167,0.8752,0.0415
monrovia_38.tif,train,1.3703,1.4416,-0.0713
zanzibar_27.tif,train,0.7549,0.7720,-0.0171
muenster_7.tif,train,0.5225,0.5415,-0.0190
monrovia_22.tif,train,0.6605,0.6851,-0.0246
aachen_4.tif,train,1.0579,1.0324,0.0255
zanzibar_130.tif,train,0.5824,0.5206,0.0618
dowa_10.tif,train,1.0375,1.0608,-0.0233
tokyo_70.tif,train,1.6149,1.9354,-0.3204
muenster_5.tif,train,1.7445,1.8760,-0.1315
shanghai_29.tif,train,0.7701,0.6107,0.1594
slaskie_17.tif,train,0.2171,0.2111,0.0060
tyrolw_60.tif,train,0.5456,0.5640,-0.0184
muenster_62.tif,train,0.9803,0.9485,0.0317
ulaanbaatar_3.tif,train,0.8823,1.2511,-0.3688
duesseldorf_11.tif,train,1.6312,1.7339,-0.1027
kitsap_27.tif,train,1.3468,1.5477,-0.2009
ica_19.tif,train,1.0059,1.1455,-0.1396
christchurch_3.tif,train,0.3098,0.3170,-0.0073
sechura_21.tif,train,0.5929,0.7716,-0.1787
lohur_5.tif,train,1.1278,1.2000,-0.0722
baybay_66.tif,train,1.1732,1.2145,-0.0413
piura_31.tif,train,1.1931,1.2702,-0.0772
shanghai_30.tif,train,0.7507,1.0236,-0.2729
shanghai_32.tif,train,0.9749,0.7632,0.2117
mahe_40.tif,train,0.2949,0.3702,-0.0753
tokyo_29.tif,train,1.0643,1.0769,-0.0126
chincha_5.tif,train,1.0324,1.0988,-0.0663
mahe_44.tif,train,1.0799,1.1351,-0.0552
abancay_22.tif,train,1.3335,1.3201,0.0135
tokyo_17.tif,train,1.2493,1.1706,0.0787
malopolskie_33.tif,train,0.6960,0.4302,0.2658
ulaanbaatar_36.tif,train,0.9305,1.2341,-0.3037
kyoto_59.tif,train,1.1994,1.3797,-0.1803
tyrolw_38.tif,train,0.2362,0.2830,-0.0469
shanghai_52.tif,train,1.0542,1.6375,-0.5834
koeln_33.tif,train,1.2061,1.4569,-0.2508
aachen_31.tif,train,1.4476,1.6756,-0.2280
tokyo_44.tif,train,1.4544,1.5616,-0.1072
kitsap_29.tif,train,0.1902,0.1622,0.0280
santiago_18.tif,train,1.3632,1.5318,-0.1685
zanzibar_18.tif,train,0.8521,0.9278,-0.0756
ngaoundere_69.tif,train,1.2377,1.1685,0.0692
chiclayo_7.tif,train,0.9099,0.9182,-0.0083
duesseldorf_22.tif,train,1.5044,1.6126,-0.1082
muenster_70.tif,train,0.3143,0.3004,0.0139
christchurch_47.tif,train,0.3762,0.2615,0.1147
muenster_63.tif,train,0.4692,0.3626,0.1066
vegas_23.tif,train,1.2586,1.4485,-0.1899
tyrolw_21.tif,train,1.3135,1.4027,-0.0892
abancay_15.tif,train,1.2896,1.4101,-0.1205
ngaoundere_40.tif,train,1.0223,1.3758,-0.3534
tokyo_39.tif,train,1.2892,1.3474,-0.0582
baybay_47.tif,train,0.3798,0.4449,-0.0651
swietokrzyskie_39.tif,train,0.2614,0.4041,-0.1426
shanghai_45.tif,train,0.4969,0.7134,-0.2165
duesseldorf_48.tif,train,1.3555,1.5070,-0.1514
chiclayo_16.tif,train,0.5150,0.6140,-0.0990
bielefeld_49.tif,train,0.5540,0.8549,-0.3008
ica_27.tif,train,0.6488,0.8571,-0.2083
lodzkie_15.tif,train,0.8728,0.7819,0.0909
zanzibar_75.tif,train,0.5686,0.3675,0.2011
western_6.tif,train,0.8919,0.9842,-0.0923
zanzibar_22.tif,train,0.9405,0.7268,0.2137
sechura_5.tif,train,1.1286,1.0142,0.1143
chisinau_28.tif,train,1.1729,1.2868,-0.1140
rosario_9.tif,train,0.8033,0.8697,-0.0664
zanzibar_54.tif,train,0.7768,0.5809,0.1959
melbourne_60.tif,train,0.9806,1.1161,-0.1355
svaneti_50.tif,train,0.6304,0.9821,-0.3517
dortmund_60.tif,train,1.4790,1.5393,-0.0604
malopolskie_26.tif,train,0.4846,0.5153,-0.0307
duesseldorf_40.tif,train,0.7190,0.9660,-0.2470
lodzkie_14.tif,train,0.4967,0.2957,0.2010
rotterdam_45.tif,train,1.1138,0.9256,0.1882
abancay_29.tif,train,1.0474,0.9669,0.0805
kyoto_16.tif,train,1.3025,1.3388,-0.0362
piura_3.tif,train,0.9956,1.0140,-0.0183
coxsbazar_21.tif,train,0.8547,0.8399,0.0148
ulaanbaatar_6.tif,train,1.0032,0.9121,0.0912
chisinau_6.tif,train,1.0039,0.9373,0.0666
zanzibar_78.tif,train,0.5510,1.0243,-0.4733
sechura_3.tif,train,0.9335,0.8966,0.0369
rio_32.tif,train,1.2181,1.2708,-0.0527
coxsbazar_71.tif,train,0.4027,0.4499,-0.0472
chincha_48.tif,train,1.0128,0.9641,0.0488
zanzibar_26.tif,train,0.8678,0.9865,-0.1187
aachen_37.tif,train,0.8737,1.0577,-0.1840
zanzibar_131.tif,train,1.0110,1.0985,-0.0874
zanzibar_85.tif,train,0.2251,0.9661,-0.7411
viru_33.tif,train,0.6548,0.7646,-0.1099
zanzibar_118.tif,train,0.6571,0.9213,-0.2642
kyoto_37.tif,train,0.6186,0.5138,0.1048
ica_34.tif,train,1.1440,1.2375,-0.0935
rotterdam_9.tif,train,1.5847,1.7298,-0.1451
viru_21.tif,train,1.1494,1.1541,-0.0047
abancay_50.tif,train,1.2094,1.3580,-0.1486
tokyo_20.tif,train,1.2747,1.6340,-0.3593
khartoum_20.tif,train,1.0623,1.1973,-0.1350
melbourne_25.tif,train,1.3450,1.2612,0.0838
muenster_14.tif,train,1.7732,1.8943,-0.1211
swietokrzyskie_23.tif,train,0.5860,0.6647,-0.0788
lohur_34.tif,train,0.4027,0.5436,-0.1409
baybay_58.tif,train,0.4773,0.8047,-0.3273
paris_38.tif,train,0.6405,1.1098,-0.4693
khartoum_21.tif,train,0.5482,0.5180,0.0302
svaneti_45.tif,train,0.5685,0.5899,-0.0214
paris_70.tif,train,1.4771,1.5303,-0.0531
chisinau_66.tif,train,0.9743,1.0385,-0.0642
kitsap_26.tif,train,1.2946,1.5522,-0.2576
aachen_21.tif,train,1.4648,1.4794,-0.0146
coxsbazar_54.tif,train,0.4748,0.3524,0.1224
sechura_31.tif,train,0.7984,0.9806,-0.1823
pomorskie_32.tif,train,0.9912,0.9854,0.0058
rio_12.tif,train,1.6199,1.7185,-0.0986
pisco_33.tif,train,0.6527,0.6557,-0.0030
kitsap_14.tif,train,1.5886,1.6286,-0.0400
bielefeld_56.tif,train,1.0128,1.1915,-0.1787
melbourne_34.tif,train,1.2932,1.3184,-0.0252
tokyo_31.tif,train,0.9762,1.1127,-0.1365
chincha_18.tif,train,0.8654,0.9707,-0.1052
kyoto_35.tif,train,0.3272,0.1415,0.1857
ngaoundere_3.tif,train,1.0814,1.4275,-0.3461
monrovia_51.tif,train,0.8387,0.8300,0.0087
tonga_62.tif,train,1.5294,1.4693,0.0602
bielefeld_34.tif,train,0.5410,0.7769,-0.2359
tonga_65.tif,train,0.9575,0.9833,-0.0258
rotterdam_31.tif,train,1.2690,1.4789,-0.2099
zanzibar_111.tif,train,0.4429,0.4093,0.0336
kagera_27.tif,train,1.0206,0.7929,0.2277
tonga_47.tif,train,1.3282,1.3262,0.0020
baybay_36.tif,train,0.7209,0.9090,-0.1881
santiago_70.tif,train,1.1528,1.1892,-0.0364
christchurch_5.tif,train,1.5389,1.5111,0.0278
christchurch_64.tif,train,0.5838,0.5503,0.0335
swietokrzyskie_26.tif,train,0.1472,0.0711,0.0761
accra_43.tif,train,0.7350,0.8492,-0.1143
dhaka_46.tif,train,1.2025,1.2277,-0.0252
ulaanbaatar_46.tif,train,0.7704,1.2794,-0.5090
dowa_15.tif,train,1.1108,1.2070,-0.0962
baybay_7.tif,train,0.6309,0.6694,-0.0385
baybay_39.tif,train,0.1439,0.1781,-0.0341
zanzibar_17.tif,train,0.5930,0.7829,-0.1898
zanzibar_113.tif,train,0.6112,0.5364,0.0748
chisinau_59.tif,train,1.0998,1.1893,-0.0895
viru_5.tif,train,1.1747,1.0762,0.0985
paris_50.tif,train,1.2921,1.4948,-0.2028
piura_25.tif,train,0.8528,0.9332,-0.0804
shanghai_7.tif,train,1.3633,1.4392,-0.0759
chiclayo_28.tif,train,0.7512,0.7100,0.0411
tyrolw_61.tif,train,0.6176,0.5891,0.0286
aachen_30.tif,train,1.5310,1.5946,-0.0636
daressalaam_94.tif,train,1.3988,1.5542,-0.1554
kagera_15.tif,train,1.1664,1.0129,0.1534
kitsap_39.tif,train,1.5258,1.5172,0.0087
christchurch_50.tif,train,0.8477,0.9059,-0.0582
vegas_19.tif,train,0.3335,0.4268,-0.0933
chisinau_40.tif,train,1.0948,1.1721,-0.0772
malopolskie_1.tif,train,0.2602,0.2536,0.0066
wielkopolskie_26.tif,train,0.5956,0.2179,0.3778
bielefeld_42.tif,train,1.4056,1.4936,-0.0880
kampala_6.tif,train,1.4689,1.4929,-0.0240
podkarpackie_7.tif,train,0.1289,0.0354,0.0935
shanghai_40.tif,train,1.2407,1.3686,-0.1279
muenster_68.tif,train,0.4622,0.5046,-0.0425
maputo_14.tif,train,1.1228,1.2393,-0.1165
aachen_64.tif,train,0.6467,0.6068,0.0399
baybay_8.tif,train,0.6585,0.7849,-0.1264
kagera_36.tif,train,1.0782,1.1149,-0.0367
baybay_13.tif,train,0.4737,0.8333,-0.3596
shanghai_28.tif,train,0.9429,1.1770,-0.2341
kagera_66.tif,train,1.0358,0.9741,0.0617
svaneti_54.tif,train,0.4653,0.4929,-0.0276
austin_45.tif,train,1.1763,1.2968,-0.1206
baybay_2.tif,train,1.1166,1.2834,-0.1668
pomorskie_38.tif,train,0.9117,0.9501,-0.0384
bogota_3.tif,train,1.2936,1.2823,0.0113
ica_9.tif,train,1.2418,1.3431,-0.1013
piura_45.tif,train,1.0155,1.1618,-0.1462
zanzibar_19.tif,train,0.7544,0.7354,0.0190
monrovia_57.tif,train,1.1437,0.9613,0.1824
lubuskie_7.tif,train,0.4124,0.4862,-0.0738
accra_65.tif,train,1.2470,1.2745,-0.0275
kitsap_15.tif,train,1.5852,1.6336,-0.0484
pomorskie_24.tif,train,0.2411,0.1510,0.0901
monrovia_34.tif,train,1.4846,1.4475,0.0371
pomorskie_18.tif,train,0.7741,0.6840,0.0901
abancay_37.tif,train,1.2956,1.3188,-0.0232
chicago_27.tif,train,0.9072,1.0488,-0.1416
zanzibar_44.tif,train,0.6029,0.8265,-0.2236
duesseldorf_7.tif,train,0.6893,0.7461,-0.0567
daressalaam_73.tif,train,1.0631,1.2798,-0.2168
koeln_59.tif,train,1.1755,1.2797,-0.1042
western_15.tif,train,0.7613,0.8354,-0.0741
rio_10.tif,train,0.7356,1.0689,-0.3334
slaskie_14.tif,train,0.5227,0.5700,-0.0473
daressalaam_23.tif,train,1.3663,1.4965,-0.1302
bielefeld_53.tif,train,1.2208,1.2579,-0.0372
podkarpackie_14.tif,train,0.4028,0.4742,-0.0714
slaskie_12.tif,train,0.3143,0.3693,-0.0550
wielkopolskie_33.tif,train,1.0014,1.0212,-0.0198
piura_36.tif,train,0.7735,0.7545,0.0190
rotterdam_25.tif,train,1.2484,1.2818,-0.0335
aachen_10.tif,train,0.4572,0.5924,-0.1352
baybay_26.tif,train,0.6411,0.6844,-0.0433
kagera_24.tif,train,0.8174,0.7913,0.0261
melbourne_20.tif,train,1.3118,1.2782,0.0336
tokyo_52.tif,train,1.1404,1.1024,0.0380
kagera_7.tif,train,1.1112,1.0669,0.0444
shanghai_60.tif,train,0.7758,0.5827,0.1932
chicago_25.tif,train,1.3436,1.5159,-0.1724
chiclayo_12.tif,train,0.6968,0.6361,0.0607
chicago_46.tif,train,0.9163,1.0556,-0.1393
daressalaam_121.tif,train,1.3103,1.4687,-0.1584
pisco_31.tif,train,0.7616,0.7318,0.0298
melbourne_45.tif,train,1.3699,1.4882,-0.1183
chisinau_29.tif,train,1.0085,1.0219,-0.0134
khartoum_19.tif,train,1.2240,0.9299,0.2942
daressalaam_38.tif,train,1.2862,1.4471,-0.1609
pisco_50.tif,train,0.5657,0.4921,0.0736
dolnoslaskie_11.tif,train,0.6626,0.4989,0.1636
baybay_4.tif,train,0.5451,0.5869,-0.0418
koeln_1.tif,train,1.3383,1.4591,-0.1209
austin_1.tif,train,0.4886,0.4596,0.0290
chicago_48.tif,train,0.9793,1.0120,-0.0327
sechura_15.tif,train,0.5763,0.6601,-0.0838
christchurch_24.tif,train,0.7191,0.8048,-0.0857
lambayeque_9.tif,train,1.0362,0.9953,0.0409
santiago_2.tif,train,1.5286,1.5802,-0.0516
lodzkie_6.tif,train,0.3384,0.0601,0.2783
bielefeld_39.tif,train,1.1557,1.3400,-0.1843
aachen_47.tif,train,0.5469,0.6267,-0.0798
kagera_39.tif,train,1.0609,0.9340,0.1269
wielkopolskie_16.tif,train,0.7165,0.7583,-0.0419
daressalaam_54.tif,train,1.1157,1.2777,-0.1620
lohur_40.tif,train,0.5795,0.5772,0.0023
ngaoundere_55.tif,train,1.1390,0.8772,0.2618
swietokrzyskie_1.tif,train,0.2300,0.1587,0.0713
vegas_31.tif,train,0.3836,0.2679,0.1157
swietokrzyskie_18.tif,train,0.2177,0.4492,-0.2315
chicago_42.tif,train,1.4910,1.5554,-0.0644
muenster_27.tif,train,1.3871,1.4335,-0.0463
tonga_8.tif,train,1.3634,1.5214,-0.1579
dortmund_53.tif,train,1.4285,1.5100,-0.0815
muenster_4.tif,train,0.7435,0.6278,0.1157
viru_37.tif,train,0.4966,0.8077,-0.3110
piura_14.tif,train,0.9116,0.9704,-0.0588
chicago_45.tif,train,0.9386,1.0576,-0.1190
malopolskie_23.tif,train,0.2346,0.4537,-0.2191
tonga_9.tif,train,1.2105,1.0593,0.1511
rotterdam_43.tif,train,0.8433,0.8725,-0.0292
viru_40.tif,train,0.5812,0.5654,0.0158
swietokrzyskie_35.tif,train,0.1960,0.1790,0.0170
koeln_37.tif,train,1.1946,1.2727,-0.0781
tyrolw_65.tif,train,0.5615,0.5070,0.0545
piura_47.tif,train,1.1796,1.2073,-0.0277
duesseldorf_65.tif,train,0.2749,0.3481,-0.0732
mazowieckie_18.tif,train,0.2687,0.2739,-0.0051
kitsap_9.tif,train,1.1200,1.2478,-0.1278
chicago_34.tif,train,0.8621,0.9882,-0.1260
bielefeld_29.tif,train,0.8876,1.1998,-0.3122
piura_13.tif,train,0.7520,1.0854,-0.3334
muenster_13.tif,train,1.3851,1.5365,-0.1514
viru_16.tif,train,0.9731,1.0620,-0.0889
coxsbazar_28.tif,train,0.4877,0.5693,-0.0816
tyrolw_43.tif,train,0.8062,0.8854,-0.0792
pointenoire_1.tif,train,0.9818,1.1267,-0.1448
coxsbazar_78.tif,train,1.0027,1.1184,-0.1157
monrovia_36.tif,train,1.1299,1.0536,0.0764
dhaka_31.tif,train,0.4075,0.3390,0.0685
paris_67.tif,train,0.3966,0.4273,-0.0307
rotterdam_44.tif,train,1.0430,0.9006,0.1424
lambayeque_7.tif,train,1.1419,1.2165,-0.0747
vienna_18.tif,train,1.0812,1.0409,0.0403
bogota_2.tif,train,1.2389,1.2947,-0.0558
austin_21.tif,train,0.8074,0.8255,-0.0181
christchurch_45.tif,train,0.7531,0.8263,-0.0732
kyoto_53.tif,train,1.2305,1.1791,0.0515
kyoto_64.tif,train,1.2727,1.5047,-0.2320
mahe_4.tif,train,0.4992,0.3614,0.1378
paris_61.tif,train,1.2647,1.3886,-0.1239
khartoum_44.tif,train,0.9469,0.7362,0.2107
chisinau_26.tif,train,1.1490,1.2827,-0.1337
lambayeque_10.tif,train,1.0596,0.9921,0.0675
paris_4.tif,train,1.3435,1.0520,0.2915
dortmund_38.tif,train,1.1462,1.2373,-0.0911
ngaoundere_25.tif,train,0.9100,0.9946,-0.0846
rio_56.tif,train,0.7112,0.1410,0.5702
lodzkie_3.tif,train,0.5788,0.2467,0.3321
slaskie_23.tif,train,0.5731,0.6176,-0.0444
dhaka_56.tif,train,1.0581,0.9991,0.0590
chisinau_41.tif,train,1.0548,1.1271,-0.0722
chiclayo_20.tif,train,0.1595,0.3077,-0.1482
shanghai_43.tif,train,1.1163,1.0931,0.0232
kagera_51.tif,train,1.0249,1.1235,-0.0986
mazowieckie_26.tif,train,0.1921,0.2259,-0.0338
lambayeque_27.tif,train,0.6935,0.6987,-0.0051
ica_45.tif,train,0.3509,0.5911,-0.2402
kagera_41.tif,train,1.0257,0.9212,0.1045
austin_10.tif,train,1.0597,1.0863,-0.0266
kagera_56.tif,train,0.8958,0.9250,-0.0291
malopolskie_16.tif,train,0.3811,0.3793,0.0018
lima_41.tif,train,0.5625,0.2091,0.3534
lambayeque_14.tif,train,1.2140,1.0578,0.1561
podlaskie_3.tif,train,0.2939,0.1711,0.1228
pisco_27.tif,train,0.7286,0.7437,-0.0151
svaneti_66.tif,train,0.1339,0.3807,-0.2468
lima_1.tif,train,1.0211,1.0307,-0.0096
dortmund_1.tif,train,1.1285,1.2419,-0.1134
mahe_52.tif,train,1.1036,1.2878,-0.1842
dhaka_37.tif,train,1.1903,1.1568,0.0334
chisinau_45.tif,train,1.1506,1.3119,-0.1612
daressalaam_70.tif,train,1.3855,1.6079,-0.2224
mahe_61.tif,train,0.8728,0.9836,-0.1108
chicago_6.tif,train,1.1608,1.2218,-0.0610
warminsko-mazurskie_8.tif,train,0.5459,0.5449,0.0010
pisco_37.tif,train,0.7293,0.6072,0.1221
ica_42.tif,train,0.6957,0.5704,0.1253
lohur_16.tif,train,1.5627,1.5273,0.0354
daressalaam_79.tif,train,1.0576,1.0510,0.0066
wielkopolskie_6.tif,train,0.2238,0.2006,0.0232
khartoum_25.tif,train,1.1430,1.1387,0.0043
chisinau_67.tif,train,0.9531,1.0725,-0.1194
christchurch_67.tif,train,0.1439,0.1976,-0.0537
shanghai_44.tif,train,1.0980,0.9719,0.1260
lubuskie_10.tif,train,0.6449,0.6424,0.0025
vienna_8.tif,train,0.7456,0.6447,0.1010
ulaanbaatar_44.tif,train,0.7610,1.2200,-0.4590
daressalaam_5.tif,train,0.5822,0.6094,-0.0272
chisinau_5.tif,train,1.0361,1.0310,0.0051
ica_40.tif,train,0.5996,0.6946,-0.0950
coxsbazar_64.tif,train,0.8517,0.9142,-0.0625
khartoum_65.tif,train,1.1199,0.9699,0.1500
accra_11.tif,train,0.9885,0.6853,0.3032
tyrolw_4.tif,train,0.4184,0.2570,0.1613
chiclayo_50.tif,train,0.2605,0.3314,-0.0709
pisco_9.tif,train,0.6895,0.7971,-0.1076
baybay_48.tif,train,0.4960,0.5371,-0.0411
accra_16.tif,train,1.2362,1.3470,-0.1108
monrovia_19.tif,train,0.8585,0.8620,-0.0035
rio_46.tif,train,1.3480,1.3417,0.0064
daressalaam_76.tif,train,0.9976,1.1883,-0.1907
tokyo_42.tif,train,1.2957,1.4320,-0.1363
dolnoslaskie_37.tif,train,0.3635,0.3814,-0.0179
bielefeld_32.tif,train,0.9445,1.0673,-0.1229
shanghai_6.tif,train,0.8712,0.2488,0.6224
pomorskie_8.tif,train,0.5525,0.3934,0.1590
slaskie_13.tif,train,1.0996,1.1386,-0.0390
vienna_10.tif,train,0.1968,0.1821,0.0147
zanzibar_3.tif,train,0.7725,0.7382,0.0343
vienna_56.tif,train,1.2360,1.2509,-0.0149
kagera_1.tif,train,0.8715,0.7372,0.1342
sechura_35.tif,train,0.9135,0.9937,-0.0802
dortmund_24.tif,train,1.6731,1.7064,-0.0333
lambayeque_33.tif,train,1.1629,1.2053,-0.0424
sechura_19.tif,train,0.7654,0.8458,-0.0804
santiago_34.tif,train,1.1470,1.4556,-0.3086
zanzibar_144.tif,train,1.1813,1.1836,-0.0024
vienna_12.tif,train,1.5121,1.6131,-0.1010
wielkopolskie_19.tif,train,1.1243,1.2142,-0.0900
santiago_37.tif,train,0.9123,0.6916,0.2207
tonga_12.tif,train,1.4443,1.4309,0.0133
melbourne_15.tif,train,1.4733,1.5351,-0.0618
svaneti_6.tif,train,0.3737,0.5041,-0.1304
ulaanbaatar_20.tif,train,0.9997,1.2963,-0.2967
rotterdam_46.tif,train,1.2182,0.8127,0.4055
wielkopolskie_10.tif,train,0.3784,0.4718,-0.0934
niamey_9.tif,train,1.5175,1.6373,-0.1198
dhaka_18.tif,train,1.1358,1.0720,0.0639
kitsap_50.tif,train,1.2090,1.2773,-0.0684
ngaoundere_49.tif,train,0.9697,1.0372,-0.0675
ngaoundere_38.tif,train,1.1802,1.1719,0.0083
lima_8.tif,train,1.1475,1.2144,-0.0668
santiago_31.tif,train,1.4349,1.4443,-0.0094
shanghai_57.tif,train,1.4491,1.5702,-0.1211
shanghai_50.tif,train,1.1213,0.7229,0.3984
daressalaam_8.tif,train,1.1203,1.0343,0.0860
christchurch_8.tif,train,1.3647,1.4198,-0.0550
daressalaam_39.tif,train,1.2357,1.5127,-0.2770
coxsbazar_3.tif,train,1.3759,1.5084,-0.1325
dolnoslaskie_36.tif,train,0.5787,0.5485,0.0302
lima_21.tif,train,0.3928,0.4407,-0.0479
kagera_23.tif,train,0.8253,0.8663,-0.0410
muenster_32.tif,train,1.6506,1.7019,-0.0513
malopolskie_9.tif,train,0.3505,0.3581,-0.0076
mahe_33.tif,train,1.2668,1.4553,-0.1885
accra_50.tif,train,1.0962,1.4043,-0.3081
chisinau_10.tif,train,0.8654,0.8073,0.0581
zanzibar_137.tif,train,0.9423,1.2462,-0.3039
daressalaam_83.tif,train,1.0122,1.1109,-0.0987
chiangmai_10.tif,train,0.8668,0.8913,-0.0245
rio_48.tif,train,1.3596,1.5634,-0.2037
dolnoslaskie_23.tif,train,1.0927,1.0928,-0.0002
daressalaam_69.tif,train,1.3946,1.5827,-0.1881
kagera_28.tif,train,1.0949,1.1076,-0.0127
chiclayo_5.tif,train,0.6394,0.7685,-0.1291
zanzibar_38.tif,train,0.8173,0.8045,0.0128
bielefeld_31.tif,train,1.4395,1.4600,-0.0205
dhaka_60.tif,train,1.1960,1.2675,-0.0714
zanzibar_1.tif,train,0.8447,0.9294,-0.0847
chincha_24.tif,train,0.7664,0.8033,-0.0369
khartoum_39.tif,train,0.6228,0.6247,-0.0019
ngaoundere_66.tif,train,1.1412,0.9209,0.2204
tonga_63.tif,train,1.4316,1.4093,0.0223
piura_26.tif,train,1.2354,1.3131,-0.0777
monrovia_37.tif,train,1.4165,1.5862,-0.1698
slaskie_2.tif,train,0.3202,0.2895,0.0307
bielefeld_21.tif,train,1.0424,1.1076,-0.0652
santiago_66.tif,train,1.0811,1.1651,-0.0841
swietokrzyskie_36.tif,train,0.6057,0.5217,0.0840
lima_25.tif,train,0.2222,0.4153,-0.1931
slaskie_6.tif,train,0.5315,0.5859,-0.0544
dortmund_43.tif,train,0.5127,0.6692,-0.1565
aachen_67.tif,train,0.5826,0.4257,0.1569
santiago_22.tif,train,0.7415,0.9069,-0.1654
ngaoundere_4.tif,train,1.0136,0.8938,0.1199
mahe_9.tif,train,1.1606,1.1354,0.0252
santiago_17.tif,train,1.0829,1.0645,0.0184
lambayeque_48.tif,train,1.0756,1.1491,-0.0735
santiago_44.tif,train,0.6793,1.1017,-0.4225
pisco_12.tif,train,0.8441,0.8722,-0.0281
tokyo_51.tif,train,1.0362,1.0488,-0.0126
ngaoundere_11.tif,train,1.3185,1.5437,-0.2253
slaskie_1.tif,train,0.9044,0.8662,0.0381
svaneti_2.tif,train,1.0714,1.1505,-0.0791
muenster_44.tif,train,0.6908,0.7311,-0.0404
ngaoundere_15.tif,train,1.4955,1.3638,0.1317
dortmund_30.tif,train,1.6249,1.7124,-0.0876
daressalaam_16.tif,train,1.1476,1.4086,-0.2610
wielkopolskie_39.tif,train,0.3993,0.4238,-0.0245
tyrolw_39.tif,train,0.6300,0.6722,-0.0422
lohur_6.tif,train,0.3394,0.2133,0.1261
rio_55.tif,train,0.9097,0.8163,0.0934
zanzibar_136.tif,train,0.5888,0.6242,-0.0354
chiclayo_38.tif,train,0.4830,0.5237,-0.0407
kujawsko-pomorskie_13.tif,train,1.2859,1.5055,-0.2196
rio_17.tif,train,1.2877,1.4784,-0.1906
chisinau_35.tif,train,1.0971,1.2859,-0.1888
pomorskie_34.tif,train,0.3723,0.1755,0.1968
ica_23.tif,train,0.3150,0.4158,-0.1008
tokyo_33.tif,train,1.3993,1.4961,-0.0969
chiclayo_37.tif,train,0.1686,0.8488,-0.6803
santiago_29.tif,train,0.8193,1.0901,-0.2709
muenster_40.tif,train,1.2942,1.4514,-0.1572
chicago_26.tif,train,0.9301,1.0008,-0.0707
monrovia_20.tif,train,0.8466,0.9266,-0.0800
slaskie_11.tif,train,0.3952,0.2400,0.1551
svaneti_28.tif,train,0.4120,0.7269,-0.3149
kyoto_49.tif,train,1.0943,1.3728,-0.2786
rio_25.tif,train,0.5033,0.9464,-0.4431
tyrolw_45.tif,train,1.2327,1.4075,-0.1748
kitsap_7.tif,train,0.9536,1.0172,-0.0635
sechura_33.tif,train,0.9087,0.9544,-0.0457
shanghai_17.tif,train,1.0932,1.3488,-0.2555
accra_4.tif,train,1.3641,1.5265,-0.1623
duesseldorf_37.tif,train,0.8647,0.9022,-0.0375
rio_1.tif,train,0.6281,0.6329,-0.0048
accra_13.tif,train,0.9587,0.8340,0.1247
dortmund_54.tif,train,1.6084,1.6790,-0.0705
ulaanbaatar_17.tif,train,0.7661,1.3452,-0.5791
khartoum_22.tif,train,1.1156,1.2012,-0.0855
kyoto_54.tif,train,1.2775,1.4466,-0.1691
svaneti_9.tif,train,1.1633,1.2935,-0.1301
zanzibar_9.tif,train,0.7091,0.8134,-0.1043
ica_18.tif,train,1.1670,1.1772,-0.0101
ulaanbaatar_41.tif,train,0.9003,1.3742,-0.4740
mazowieckie_40.tif,train,0.2983,0.3523,-0.0540
ica_8.tif,train,0.7308,1.0155,-0.2847
khartoum_57.tif,train,0.6779,0.6221,0.0558
coxsbazar_8.tif,train,0.7266,0.8922,-0.1656
viru_30.tif,train,0.8520,1.0914,-0.2394
swietokrzyskie_8.tif,train,0.5749,0.5935,-0.0186
ica_6.tif,train,1.0527,1.0010,0.0517
tonga_21.tif,train,1.5608,1.4037,0.1571
shanghai_48.tif,train,1.2941,1.3424,-0.0484
baybay_52.tif,train,0.4025,0.4375,-0.0351
soriano_13.tif,train,1.5481,1.4954,0.0527
shanghai_61.tif,train,1.1168,1.3394,-0.2227
dortmund_14.tif,train,1.4298,1.6012,-0.1714
tyrolw_48.tif,train,0.6256,0.5758,0.0497
malopolskie_37.tif,train,0.2802,0.2047,0.0755
mahe_27.tif,train,0.8983,0.8476,0.0507
muenster_34.tif,train,1.6082,1.6618,-0.0536
melbourne_54.tif,train,0.9533,1.0923,-0.1391
koeln_68.tif,train,1.1803,1.3069,-0.1266
zanzibar_7.tif,train,0.5999,0.7075,-0.1076
coxsbazar_58.tif,train,0.7011,0.7722,-0.0711
shanghai_22.tif,train,0.8401,0.5759,0.2642
vienna_1.tif,train,1.2078,1.1661,0.0417
vienna_68.tif,train,1.3158,1.2475,0.0682
ngaoundere_45.tif,train,1.1615,1.1844,-0.0229
dolnoslaskie_20.tif,train,0.7029,0.6561,0.0468
pisco_16.tif,train,0.5554,0.4861,0.0693
daressalaam_90.tif,train,1.2678,1.3091,-0.0413
monrovia_32.tif,train,1.3714,1.5118,-0.1404
slaskie_3.tif,train,0.9013,1.0456,-0.1443
coxsbazar_29.tif,train,0.1228,0.3763,-0.2535
christchurch_69.tif,train,1.3689,1.4639,-0.0951
kyoto_3.tif,train,1.1842,1.3505,-0.1663
tonga_66.tif,train,1.3392,1.3923,-0.0531
slaskie_29.tif,train,0.6609,0.9409,-0.2801
lima_13.tif,train,0.0484,0.1184,-0.0700
vienna_43.tif,train,1.2781,1.3211,-0.0430
rotterdam_30.tif,train,1.2956,1.3022,-0.0066
viru_1.tif,train,1.0798,1.1083,-0.0285
vegas_22.tif,train,1.2023,1.3631,-0.1608
lohur_19.tif,train,0.5791,0.7768,-0.1977
kujawsko-pomorskie_4.tif,train,1.3682,1.4387,-0.0705
melbourne_10.tif,train,0.9713,0.8339,0.1374
kyoto_34.tif,train,1.2895,1.3064,-0.0169
dhaka_11.tif,train,1.0230,1.0564,-0.0334
shanghai_27.tif,train,0.6370,0.2217,0.4153
austin_35.tif,train,1.3756,1.4175,-0.0419
pisco_44.tif,train,0.8488,0.9361,-0.0873
dhaka_52.tif,train,1.2324,1.3011,-0.0688
lima_23.tif,train,0.3995,0.1816,0.2179
dhaka_4.tif,train,1.1862,1.2018,-0.0156
tyrolw_66.tif,train,0.8401,0.9374,-0.0973
ulaanbaatar_39.tif,train,0.7708,1.3904,-0.6196
zanzibar_53.tif,train,0.9985,0.8553,0.1432
ngaoundere_41.tif,train,1.0198,0.9211,0.0987
kujawsko-pomorskie_5.tif,train,1.7936,1.5865,0.2072
rosario_12.tif,train,0.4855,0.4452,0.0403
tokyo_6.tif,train,1.3882,1.4787,-0.0905
bielefeld_47.tif,train,1.1203,1.1688,-0.0485
swietokrzyskie_2.tif,train,0.5611,0.5268,0.0343
shanghai_54.tif,train,1.3921,1.6574,-0.2653
kyoto_11.tif,train,1.4177,1.6093,-0.1916
bielefeld_8.tif,train,1.3322,1.2209,0.1112
khartoum_7.tif,train,0.7929,0.4630,0.3299
tokyo_69.tif,train,1.4789,1.7506,-0.2717
daressalaam_96.tif,train,1.0804,1.1555,-0.0751
ngaoundere_27.tif,train,1.3639,1.4808,-0.1169
chiclayo_39.tif,train,0.5806,0.5271,0.0535
accra_9.tif,train,1.0643,1.2702,-0.2059
mahe_25.tif,train,0.9186,0.8388,0.0799
rio_50.tif,train,1.3412,1.3172,0.0240
ica_43.tif,train,1.1614,1.2338,-0.0723
shanghai_10.tif,train,1.4865,1.5705,-0.0840
rio_66.tif,train,0.7541,0.5598,0.1944
vegas_25.tif,train,0.7272,0.8347,-0.1075
khartoum_35.tif,train,0.8494,0.9124,-0.0629
lambayeque_39.tif,train,0.5291,0.7153,-0.1862
paris_8.tif,train,1.0895,0.9535,0.1360
malopolskie_31.tif,train,0.2709,0.2628,0.0080
ngaoundere_30.tif,train,0.8619,0.8324,0.0295
chiclayo_24.tif,train,0.7940,0.7575,0.0365
accra_3.tif,train,1.4342,1.5750,-0.1409
tonga_15.tif,train,1.1023,1.2150,-0.1127
dolnoslaskie_25.tif,train,0.9549,1.0006,-0.0458
baybay_29.tif,train,0.9989,1.2297,-0.2308
ica_48.tif,train,1.0936,1.2201,-0.1266
accra_35.tif,train,0.6123,0.7128,-0.1005
santiago_33.tif,train,1.1119,1.1946,-0.0827
lambayeque_25.tif,train,0.8991,0.7918,0.1073
pisco_23.tif,train,0.8889,0.6739,0.2150
christchurch_15.tif,train,0.3579,0.3640,-0.0062
vienna_27.tif,train,0.6127,0.6371,-0.0245
chisinau_36.tif,train,1.1467,1.1798,-0.0331
svaneti_52.tif,train,0.6420,0.6488,-0.0068
podkarpackie_2.tif,train,0.4165,0.4794,-0.0629
christchurch_28.tif,train,0.7092,0.7912,-0.0820
khartoum_38.tif,train,0.9687,1.0923,-0.1236
sechura_6.tif,train,0.9232,0.3282,0.5951
mazowieckie_21.tif,train,0.9089,0.8444,0.0645
vegas_45.tif,train,0.6908,0.5805,0.1103
melbourne_56.tif,train,1.0566,1.1358,-0.0791
abancay_9.tif,train,1.1606,1.2425,-0.0820
christchurch_65.tif,train,1.0591,1.0215,0.0375
kyoto_58.tif,train,1.3316,1.3755,-0.0439
malopolskie_17.tif,train,0.7448,0.7116,0.0332
tyrolw_23.tif,train,1.1344,1.2021,-0.0677
aachen_16.tif,train,1.6699,1.7481,-0.0781
chisinau_51.tif,train,1.1415,1.2950,-0.1535
duesseldorf_18.tif,train,1.3209,1.5675,-0.2466
malopolskie_28.tif,train,0.1607,0.3115,-0.1509
melbourne_14.tif,train,1.0314,1.0310,0.0004
paris_25.tif,train,1.4035,1.5743,-0.1708
lodzkie_23.tif,train,0.2621,0.2717,-0.0096
rosario_4.tif,train,1.4273,1.5470,-0.1197
kagera_16.tif,train,1.1376,1.1049,0.0327
koeln_19.tif,train,1.4212,1.4034,0.0178
mazowieckie_20.tif,train,0.3237,0.3212,0.0025
coxsbazar_47.tif,train,0.6218,0.7429,-0.1212
koeln_29.tif,train,1.2239,1.3127,-0.0889
santiago_58.tif,train,1.4700,1.6471,-0.1770
chiclayo_33.tif,train,0.7154,0.6213,0.0941
mahe_2.tif,train,0.9060,0.8360,0.0700
lubuskie_9.tif,train,0.3625,0.5574,-0.1949
muenster_11.tif,train,0.6611,0.6352,0.0259
mazowieckie_37.tif,train,0.6712,0.6284,0.0428
duesseldorf_8.tif,train,0.9993,1.0019,-0.0025
svaneti_62.tif,train,0.4924,0.4755,0.0169
koeln_4.tif,train,0.2623,0.2458,0.0165
khartoum_36.tif,train,1.2396,1.2356,0.0040
koeln_3.tif,train,0.8906,0.9074,-0.0169
daressalaam_7.tif,train,1.4731,1.6518,-0.1787
melbourne_32.tif,train,1.2989,1.4636,-0.1647
sechura_22.tif,train,0.8108,0.8936,-0.0828
paris_49.tif,train,1.3682,1.4179,-0.0497
chincha_33.tif,train,0.6784,0.7678,-0.0894
tonga_25.tif,train,1.0749,1.2162,-0.1413
lambayeque_50.tif,train,0.4859,0.5808,-0.0949
niamey_6.tif,train,1.2917,1.3722,-0.0805
piura_39.tif,train,0.5833,0.6726,-0.0893
soriano_6.tif,train,1.4559,1.4644,-0.0085
coxsbazar_17.tif,train,0.7745,0.9289,-0.1544
santiago_5.tif,train,1.4908,1.6663,-0.1756
ulaanbaatar_14.tif,train,0.9474,1.4058,-0.4585
niamey_3.tif,train,1.2744,1.3509,-0.0765
dhaka_54.tif,train,0.8397,0.6903,0.1494
tonga_28.tif,train,1.2324,1.2226,0.0098
abancay_4.tif,train,1.1942,1.2199,-0.0257
zanzibar_15.tif,train,0.4568,0.7615,-0.3047
melbourne_30.tif,train,0.9413,0.9662,-0.0249
christchurch_20.tif,train,0.6785,0.4373,0.2412
accra_52.tif,train,1.5062,1.5878,-0.0816
coxsbazar_52.tif,train,0.8267,0.9106,-0.0840
accra_5.tif,train,1.3255,1.4770,-0.1515
accra_39.tif,train,1.0375,1.0369,0.0006
kagera_64.tif,train,0.7990,1.0032,-0.2042
abancay_5.tif,train,1.2463,1.2341,0.0123
daressalaam_22.tif,train,1.1742,1.4448,-0.2707
baybay_25.tif,train,0.8532,0.9625,-0.1093
lubuskie_19.tif,train,0.6777,0.6600,0.0177
western_1.tif,train,1.0921,0.8972,0.1948
ngaoundere_34.tif,train,1.0104,0.6959,0.3145
svaneti_27.tif,train,0.3957,0.4901,-0.0944
monrovia_10.tif,train,1.3027,1.2159,0.0868
accra_51.tif,train,0.2278,0.4638,-0.2360
vienna_16.tif,train,1.1082,0.9941,0.1140
piura_10.tif,train,1.2626,1.3166,-0.0540
duesseldorf_41.tif,train,1.2362,1.2839,-0.0477
santiago_36.tif,train,1.4354,1.5470,-0.1117
pomorskie_37.tif,train,0.6269,0.6257,0.0012
monrovia_71.tif,train,1.4244,1.5458,-0.1214
ica_31.tif,train,0.5614,0.3899,0.1715
ulaanbaatar_23.tif,train,0.7379,1.2883,-0.5504
bielefeld_62.tif,train,0.6398,0.6316,0.0082
dhaka_40.tif,train,1.2963,1.4984,-0.2022
zanzibar_145.tif,train,0.8333,0.7199,0.1134
khartoum_34.tif,train,0.8422,0.9263,-0.0841
lambayeque_19.tif,train,1.1630,1.1902,-0.0273
wielkopolskie_34.tif,train,0.8621,0.8438,0.0183
coxsbazar_48.tif,train,0.6536,0.7689,-0.1153
zanzibar_60.tif,train,0.6566,0.7638,-0.1072
monrovia_73.tif,train,1.3007,1.2994,0.0013
slaskie_20.tif,train,0.1917,0.2474,-0.0557
santiago_11.tif,train,1.5718,1.6978,-0.1260
koeln_49.tif,train,0.0543,0.1790,-0.1247
kagera_55.tif,train,1.0017,0.9124,0.0893
swietokrzyskie_24.tif,train,0.3753,0.3492,0.0260
lodzkie_19.tif,train,0.4010,0.3045,0.0966
muenster_25.tif,train,0.5880,0.5007,0.0874
dolnoslaskie_3.tif,train,0.6195,0.4036,0.2159
sechura_50.tif,train,1.1865,1.1949,-0.0084
dortmund_51.tif,train,1.1037,1.1982,-0.0945
mahe_65.tif,train,1.0177,1.1498,-0.1321
svaneti_40.tif,train,0.8030,0.8598,-0.0568
abancay_48.tif,train,1.2043,1.1708,0.0335
kagera_32.tif,train,1.1554,1.3233,-0.1679
pisco_18.tif,train,0.7717,0.8521,-0.0804
svaneti_24.tif,train,0.7890,0.6439,0.1451
mazowieckie_4.tif,train,0.2271,0.8543,-0.6272
podkarpackie_10.tif,train,0.5088,0.6577,-0.1489
viru_20.tif,train,1.0587,1.1485,-0.0898
paris_12.tif,train,1.4580,1.5250,-0.0670
kitsap_35.tif,train,1.5760,1.6123,-0.0363
kyoto_15.tif,train,1.2207,1.3187,-0.0980
tokyo_68.tif,train,1.4036,1.6927,-0.2891
viru_34.tif,train,0.8011,0.8172,-0.0162
ulaanbaatar_47.tif,train,0.6647,0.6578,0.0069
rotterdam_2.tif,train,1.0037,1.0292,-0.0255
lohur_39.tif,train,0.3373,0.3495,-0.0121
dowa_18.tif,train,0.6516,0.8835,-0.2319
wielkopolskie_29.tif,train,1.0529,1.2698,-0.2169
rio_18.tif,train,0.8016,0.8644,-0.0628
daressalaam_86.tif,train,1.2523,1.3586,-0.1063
vegas_14.tif,train,1.2599,1.2788,-0.0189
abancay_12.tif,train,0.5983,0.8900,-0.2917
pisco_25.tif,train,0.3685,0.4517,-0.0832
vienna_15.tif,train,0.9121,0.7447,0.1675
wielkopolskie_12.tif,train,0.6296,0.6984,-0.0688
monrovia_49.tif,train,1.1347,1.1769,-0.0422
maputo_3.tif,train,1.2660,1.3510,-0.0850
tyrolw_44.tif,train,0.2606,0.4856,-0.2249
warminsko-mazurskie_12.tif,train,0.5469,0.5774,-0.0305
chisinau_68.tif,train,1.0177,1.2661,-0.2484
zanzibar_31.tif,train,0.7200,0.7551,-0.0351
vienna_4.tif,train,1.1280,1.1220,0.0059
abancay_46.tif,train,1.1279,1.1300,-0.0020
zanzibar_33.tif,train,0.7920,0.9532,-0.1613
daressalaam_95.tif,train,1.4326,1.5644,-0.1318
tokyo_13.tif,train,1.3193,1.4144,-0.0950
austin_30.tif,train,1.2483,1.3069,-0.0586
abancay_28.tif,train,1.3634,1.3623,0.0011
tokyo_60.tif,train,1.1515,1.1025,0.0490
svaneti_44.tif,train,0.7162,0.7975,-0.0813
tokyo_41.tif,train,1.4592,1.7615,-0.3023
chincha_8.tif,train,0.9796,1.2733,-0.2938
ngaoundere_31.tif,train,1.0677,0.8936,0.1741
chicago_11.tif,train,1.2457,1.3544,-0.1087
chisinau_61.tif,train,1.0719,1.0697,0.0022
aachen_28.tif,train,0.1614,0.1578,0.0036
zachodniopomorskie_5.tif,train,0.3715,0.4333,-0.0618
zanzibar_64.tif,train,0.9205,0.9158,0.0047
vegas_35.tif,train,0.6830,0.4152,0.2679
accra_7.tif,train,1.2935,1.5051,-0.2116
baybay_61.tif,train,0.6267,0.7363,-0.1096
kyoto_21.tif,train,1.1707,1.1304,0.0403
santiago_46.tif,train,1.4396,1.4423,-0.0027
monrovia_7.tif,train,1.3871,1.4914,-0.1043
zanzibar_66.tif,train,1.0798,1.1118,-0.0320
soriano_10.tif,train,1.4935,1.4767,0.0168
pisco_1.tif,train,0.7073,0.8020,-0.0948
dortmund_10.tif,train,1.5524,1.6133,-0.0609
monrovia_64.tif,train,1.2923,1.4189,-0.1266
chisinau_16.tif,train,1.1331,1.1756,-0.0424
chiangmai_4.tif,train,1.1225,1.1910,-0.0686
pisco_26.tif,train,0.6220,0.6248,-0.0028
dolnoslaskie_33.tif,train,0.4947,0.6031,-0.1084
tokyo_59.tif,train,1.1287,1.1744,-0.0456
rio_42.tif,train,1.3296,1.4044,-0.0747
abancay_7.tif,train,1.3125,1.3608,-0.0482
santiago_69.tif,train,1.1538,1.2221,-0.0683
dhaka_58.tif,train,1.0939,1.2613,-0.1674
austin_28.tif,train,1.1879,1.2752,-0.0873
chicago_21.tif,train,1.2134,1.3626,-0.1492
chisinau_25.tif,train,1.0295,1.1375,-0.1080
abancay_24.tif,train,0.6686,0.6306,0.0380
aachen_35.tif,train,1.0887,0.9877,0.1010
wielkopolskie_14.tif,train,0.8314,1.0580,-0.2266
vegas_49.tif,train,1.2908,1.3015,-0.0107
svaneti_65.tif,train,0.3105,0.4232,-0.1127
bielefeld_59.tif,train,1.6390,1.7220,-0.0830
shanghai_55.tif,train,1.3051,1.2622,0.0429
muenster_24.tif,train,0.4799,0.4902,-0.0104
kitsap_49.tif,train,0.4748,0.4311,0.0437
austin_25.tif,train,1.1752,1.1292,0.0459
rio_5.tif,train,1.5437,1.6761,-0.1324
chiclayo_3.tif,train,0.4180,0.4908,-0.0728
santiago_14.tif,train,1.1495,1.2308,-0.0813
abancay_40.tif,train,0.9827,1.1519,-0.1692
shanghai_42.tif,train,1.2007,1.4480,-0.2472
vienna_22.tif,train,0.8116,0.7544,0.0572
melbourne_26.tif,train,1.2964,1.4329,-0.1366
christchurch_12.tif,train,1.6805,1.7875,-0.1070
paris_39.tif,train,1.0926,1.1440,-0.0514
tyrolw_70.tif,train,0.3636,0.4805,-0.1169
mazowieckie_28.tif,train,0.2052,0.2863,-0.0811
chiangmai_8.tif,train,1.2622,1.3479,-0.0857
slaskie_26.tif,train,0.7021,0.5394,0.1626
coxsbazar_68.tif,train,0.9426,1.0502,-0.1076
shanghai_47.tif,train,0.8853,0.7779,0.1074
lima_43.tif,train,0.8684,0.7867,0.0816
rotterdam_50.tif,train,1.3147,1.3687,-0.0540
aachen_59.tif,train,1.5317,1.6385,-0.1068
chiclayo_34.tif,train,0.9176,0.8079,0.1097
coxsbazar_13.tif,train,0.3470,0.5051,-0.1580
dortmund_40.tif,train,1.1614,1.3285,-0.1671
rotterdam_6.tif,train,1.5832,1.7638,-0.1805
accra_58.tif,train,0.1266,0.7757,-0.6491
tokyo_48.tif,train,1.3404,1.4785,-0.1381
coxsbazar_26.tif,train,0.9061,0.9847,-0.0786
rio_30.tif,train,0.8076,0.5044,0.3033
kagera_2.tif,train,0.9069,0.9147,-0.0078
koeln_16.tif,train,1.4831,1.5556,-0.0724
lambayeque_35.tif,train,0.8428,0.7306,0.1122
coxsbazar_30.tif,train,0.6213,0.6014,0.0200
ulaanbaatar_5.tif,train,0.7628,1.4138,-0.6510
ica_21.tif,train,0.5287,0.7208,-0.1921
kagera_4.tif,train,1.0252,0.8747,0.1505
santiago_20.tif,train,1.3793,1.3579,0.0214
muenster_50.tif,train,0.7974,0.8292,-0.0318
coxsbazar_9.tif,train,0.7441,0.9045,-0.1604
svaneti_1.tif,train,0.6162,0.9888,-0.3726
vienna_5.tif,train,0.5026,0.5300,-0.0273
dhaka_23.tif,train,1.1922,1.2555,-0.0632
tyrolw_50.tif,train,0.8530,1.0474,-0.1944
kujawsko-pomorskie_3.tif,train,1.2166,1.3498,-0.1331
austin_18.tif,train,1.2721,1.2706,0.0015
tonga_58.tif,train,1.6074,1.3234,0.2840
ngaoundere_48.tif,train,1.2623,1.4777,-0.2154
aachen_68.tif,train,0.7230,0.8062,-0.0831
abancay_18.tif,train,1.2057,1.2240,-0.0182
sechura_45.tif,train,1.1398,0.9895,0.1503
tyrolw_68.tif,train,0.5638,0.4240,0.1397
tonga_39.tif,train,0.9444,0.7617,0.1827
dowa_8.tif,train,0.9744,1.3372,-0.3627
mazowieckie_36.tif,train,0.9205,0.7778,0.1428
ica_26.tif,train,0.7922,0.5013,0.2909
daressalaam_119.tif,train,1.2630,1.4217,-0.1586
dortmund_8.tif,train,1.0510,1.1296,-0.0786
vienna_45.tif,train,0.7822,0.9031,-0.1209
dowa_22.tif,train,0.9392,1.0483,-0.1091
bogota_1.tif,train,0.8685,0.7835,0.0851
lima_33.tif,train,0.5362,0.7461,-0.2099
pisco_3.tif,train,0.4036,0.5274,-0.1237
dhaka_53.tif,train,1.1472,1.0558,0.0914
piura_18.tif,train,0.9738,0.8221,0.1517
western_12.tif,train,0.8114,0.8070,0.0044
daressalaam_129.tif,train,0.8848,1.2176,-0.3328
chiangmai_5.tif,train,1.0626,1.1896,-0.1271
slaskie_32.tif,train,0.5024,0.7155,-0.2131
vegas_46.tif,train,1.3549,1.3488,0.0061
tyrolw_10.tif,train,0.5925,0.8795,-0.2870
lima_17.tif,train,0.6643,0.7541,-0.0899
kitsap_31.tif,train,1.2093,1.2721,-0.0628
vegas_5.tif,train,0.6319,0.5174,0.1145
muenster_21.tif,train,1.6249,1.7297,-0.1048
svaneti_57.tif,train,0.4024,0.7572,-0.3549
vegas_37.tif,train,0.4926,0.3928,0.0999
kagera_50.tif,train,0.9696,1.1076,-0.1381
tokyo_43.tif,train,1.4194,1.5761,-0.1567
tokyo_46.tif,train,1.4693,1.6108,-0.1415
lohur_13.tif,train,0.0749,0.1314,-0.0565
austin_26.tif,train,1.0414,1.1573,-0.1158
paris_18.tif,train,1.3270,1.3191,0.0079
vienna_29.tif,train,0.8017,0.8204,-0.0186
vienna_61.tif,train,1.0063,0.9377,0.0686
christchurch_53.tif,train,0.7493,0.7726,-0.0233
khartoum_47.tif,train,0.9271,0.7129,0.2143
melbourne_49.tif,train,1.0857,1.2083,-0.1227
paris_42.tif,train,1.4630,1.5457,-0.0826
shanghai_8.tif,train,1.0156,0.9567,0.0589
koeln_35.tif,train,1.4543,1.4655,-0.0112
podlaskie_2.tif,train,0.3110,0.1696,0.1413
duesseldorf_49.tif,train,1.3319,1.2980,0.0339
tyrolw_13.tif,train,0.3242,0.8176,-0.4934
viru_11.tif,train,1.0420,1.2415,-0.1995
chiangmai_11.tif,train,1.1072,1.1155,-0.0083
mahe_17.tif,train,0.8290,0.8800,-0.0510
baybay_10.tif,train,1.2115,1.2166,-0.0051
accra_17.tif,train,1.4093,1.6352,-0.2259
daressalaam_123.tif,train,0.9407,1.0739,-0.1332
warminsko-mazurskie_1.tif,train,0.4627,0.5147,-0.0520
lambayeque_8.tif,train,1.2875,1.2911,-0.0036
chisinau_30.tif,train,1.0707,1.2611,-0.1904
viru_23.tif,train,1.1197,1.1981,-0.0784
melbourne_17.tif,train,1.1619,1.0658,0.0961
kinshasa_1.tif,train,1.4023,1.2118,0.1905
daressalaam_35.tif,train,1.3940,1.5204,-0.1265
soriano_5.tif,train,1.4170,1.3009,0.1161
chicago_44.tif,train,1.4210,1.4859,-0.0649
baybay_45.tif,train,0.4289,0.4876,-0.0587
zanzibar_117.tif,train,0.5866,1.1213,-0.5347
ngaoundere_18.tif,train,1.2180,1.0748,0.1431
daressalaam_62.tif,train,0.9829,1.3703,-0.3874
zanzibar_100.tif,train,1.0303,1.3768,-0.3465
christchurch_1.tif,train,0.6796,0.5858,0.0939
dhaka_25.tif,train,0.9031,0.9944,-0.0913
khartoum_4.tif,train,1.0187,0.8436,0.1751
austin_42.tif,train,1.5871,1.5966,-0.0094
lodzkie_7.tif,train,0.5844,0.3911,0.1933
paris_44.tif,train,1.2463,1.1977,0.0486
rotterdam_28.tif,train,1.2433,1.3003,-0.0570
kagera_48.tif,train,0.8067,0.8397,-0.0330
chisinau_14.tif,train,1.0901,1.0872,0.0030
kyoto_67.tif,train,1.1414,1.2842,-0.1428
accra_45.tif,train,1.2816,1.4434,-0.1618
austin_41.tif,train,1.0957,1.1702,-0.0745
kagera_26.tif,train,1.2901,1.1845,0.1056
chisinau_9.tif,train,0.9819,1.0033,-0.0214
dolnoslaskie_22.tif,train,0.9067,0.8135,0.0932
aachen_6.tif,train,1.4902,1.4560,0.0342
pointenoire_9.tif,train,1.2640,1.5396,-0.2756
khartoum_43.tif,train,1.3185,1.2179,0.1005
lohur_35.tif,train,0.2695,0.3499,-0.0804
pomorskie_30.tif,train,0.7022,0.6274,0.0748
western_22.tif,train,0.9351,1.1604,-0.2253
sechura_36.tif,train,0.9187,1.0696,-0.1509
accra_53.tif,train,0.6810,0.4553,0.2258
tonga_36.tif,train,1.5159,1.5207,-0.0048
santiago_9.tif,train,1.0844,0.9444,0.1399
pomorskie_17.tif,train,0.4364,0.4353,0.0011
monrovia_9.tif,train,1.0845,1.0136,0.0709
mazowieckie_14.tif,train,0.1239,0.2635,-0.1397
mahe_46.tif,train,1.4301,1.5428,-0.1128
kagera_10.tif,train,1.2664,1.2197,0.0467
kagera_62.tif,train,1.0161,0.9591,0.0570
vegas_36.tif,train,0.7178,0.5679,0.1499
lambayeque_28.tif,train,0.8113,0.8362,-0.0250
santiago_16.tif,train,0.4667,0.5549,-0.0882
bielefeld_28.tif,train,1.1510,1.4411,-0.2901
paris_64.tif,train,1.4046,1.4765,-0.0718
bielefeld_67.tif,train,0.4876,0.6568,-0.1691
sechura_43.tif,train,1.1568,1.1736,-0.0168
ulaanbaatar_2.tif,train,0.9398,1.4837,-0.5439
dortmund_28.tif,train,1.3823,1.5290,-0.1468
melbourne_5.tif,train,1.1041,1.1839,-0.0798
rotterdam_36.tif,train,1.2850,1.3567,-0.0718
khartoum_23.tif,train,1.1457,1.0672,0.0786
chiclayo_42.tif,train,0.5961,0.5708,0.0253
viru_2.tif,train,1.2057,1.1856,0.0201
lodzkie_24.tif,train,0.5632,0.3522,0.2110
monrovia_50.tif,train,1.1025,1.1727,-0.0702
monrovia_54.tif,train,0.9987,1.0266,-0.0279
kagera_43.tif,train,0.9628,1.0039,-0.0411
dortmund_26.tif,train,0.5964,0.5976,-0.0012
monrovia_48.tif,train,1.1292,1.1173,0.0119
zachodniopomorskie_10.tif,train,0.6046,0.5522,0.0523
kagera_42.tif,train,1.0719,0.9067,0.1652
podlaskie_6.tif,train,0.1763,0.1717,0.0046
vegas_12.tif,train,1.3818,1.6258,-0.2440
koeln_46.tif,train,1.6090,1.7189,-0.1099
lima_45.tif,train,0.2372,0.3669,-0.1297
aachen_19.tif,train,1.5081,1.5903,-0.0822
chiclayo_29.tif,train,0.9567,0.9877,-0.0310
western_14.tif,train,1.0223,0.9401,0.0822
duesseldorf_24.tif,train,1.6289,1.7769,-0.1479
zanzibar_105.tif,train,0.5339,0.6283,-0.0944
aachen_36.tif,train,0.3970,0.4746,-0.0776
paris_20.tif,train,1.3423,1.4043,-0.0621
rotterdam_41.tif,train,1.2889,1.3718,-0.0829
rotterdam_32.tif,train,0.9016,0.8055,0.0961
lohur_15.tif,train,1.4396,1.5063,-0.0667
lodzkie_13.tif,train,0.4163,0.2188,0.1976
rio_28.tif,train,1.1550,1.1099,0.0451
mahe_45.tif,train,1.1683,1.3111,-0.1428
rio_62.tif,train,0.8193,0.8891,-0.0698
tyrolw_56.tif,train,0.9898,1.0998,-0.1100
tonga_27.tif,train,1.5496,1.4217,0.1280
tyrolw_33.tif,train,0.0763,0.0949,-0.0186
christchurch_37.tif,train,1.6684,1.7679,-0.0995
monrovia_5.tif,train,1.4751,1.5839,-0.1088
chincha_2.tif,train,1.0210,1.1462,-0.1252
koeln_25.tif,train,1.0383,0.9114,0.1269
daressalaam_103.tif,train,1.0590,1.1313,-0.0723
chicago_32.tif,train,0.8480,0.8359,0.0122
mahe_20.tif,train,0.5364,0.2509,0.2855
ngaoundere_62.tif,train,0.9962,1.3842,-0.3880
soriano_2.tif,train,0.9932,0.9729,0.0203
chincha_15.tif,train,1.2199,1.1720,0.0479
dolnoslaskie_34.tif,train,0.9097,0.8559,0.0538
chisinau_43.tif,train,1.1814,1.3881,-0.2067
mahe_50.tif,train,1.1184,1.2031,-0.0846
coxsbazar_66.tif,train,0.4282,0.2965,0.1317
lubuskie_13.tif,train,0.4946,0.6476,-0.1530
baybay_38.tif,train,0.5059,0.5612,-0.0553
muenster_52.tif,train,1.2225,1.3003,-0.0778
lohur_30.tif,train,0.5311,0.7309,-0.1998
chiclayo_44.tif,train,0.5362,0.4882,0.0480
muenster_43.tif,train,1.6555,1.7349,-0.0795
daressalaam_120.tif,train,1.1771,1.3702,-0.1931
khartoum_8.tif,train,1.0037,0.9716,0.0321
kyoto_22.tif,train,1.5620,1.6770,-0.1150
aachen_2.tif,train,0.4527,0.5460,-0.0933
mazowieckie_2.tif,train,0.5767,0.6000,-0.0233
podkarpackie_6.tif,train,0.2771,0.4107,-0.1337
daressalaam_107.tif,train,0.5019,0.4703,0.0316
sechura_17.tif,train,0.5506,0.4162,0.1344
zanzibar_61.tif,train,0.7064,0.7423,-0.0359
vienna_54.tif,train,1.3544,1.3079,0.0465
muenster_22.tif,train,1.4719,1.5591,-0.0871
melbourne_41.tif,train,1.3934,1.4215,-0.0281
mahe_6.tif,train,0.2513,0.2803,-0.0290
ulaanbaatar_33.tif,train,0.7543,1.2734,-0.5191
vegas_30.tif,train,1.2820,1.3274,-0.0454
chicago_18.tif,train,0.2527,0.3803,-0.1276
duesseldorf_63.tif,train,0.3692,0.4881,-0.1188
dortmund_46.tif,train,1.6251,1.7796,-0.1546
vegas_43.tif,train,1.1814,1.3890,-0.2077
zanzibar_110.tif,train,1.0594,0.9803,0.0791
dortmund_31.tif,train,1.6488,1.8039,-0.1552
accra_22.tif,train,1.5397,1.6606,-0.1208
baybay_63.tif,train,1.2862,1.3605,-0.0743
monrovia_55.tif,train,1.0626,1.0953,-0.0327
bielefeld_12.tif,train,1.2572,1.1859,0.0713
khartoum_53.tif,train,1.0371,1.1056,-0.0685
pisco_48.tif,train,0.3474,0.6510,-0.3036
mahe_29.tif,train,1.2229,1.2552,-0.0323
coxsbazar_20.tif,train,1.2666,1.3733,-0.1068
slaskie_24.tif,train,0.8736,0.9240,-0.0504
chicago_24.tif,train,0.6457,0.7144,-0.0687
rotterdam_48.tif,train,1.2881,1.3565,-0.0683
coxsbazar_5.tif,train,0.6191,0.8552,-0.2361
zanzibar_76.tif,train,0.7508,0.7976,-0.0469
pisco_7.tif,train,0.7312,0.8118,-0.0806
chiclayo_8.tif,train,0.9499,0.8484,0.1015
abancay_32.tif,train,1.2021,1.3266,-0.1245
khartoum_59.tif,train,1.2963,1.1823,0.1140
svaneti_11.tif,train,0.9602,0.8336,0.1266
wielkopolskie_3.tif,train,0.0983,0.2147,-0.1164
aachen_51.tif,train,1.2423,1.2557,-0.0134
kyoto_29.tif,train,1.4355,1.4678,-0.0323
tokyo_37.tif,train,1.2531,1.3115,-0.0584
ulaanbaatar_28.tif,train,0.9925,1.3695,-0.3770
kujawsko-pomorskie_2.tif,train,0.5068,0.2408,0.2660
vienna_40.tif,train,1.2038,1.1108,0.0930
vegas_42.tif,train,0.2218,0.6371,-0.4153
koeln_54.tif,train,1.6876,1.7993,-0.1117
bielefeld_15.tif,train,1.6171,1.4334,0.1837
podkarpackie_5.tif,train,0.3519,0.3171,0.0347
dolnoslaskie_15.tif,train,0.5802,0.5557,0.0245
rio_27.tif,train,1.6744,1.8574,-0.1831
piura_19.tif,train,1.1612,1.2168,-0.0556
zachodniopomorskie_9.tif,train,0.3308,0.3319,-0.0011
rotterdam_42.tif,train,1.3988,1.3834,0.0153
dortmund_69.tif,train,0.6723,0.7118,-0.0395
kagera_9.tif,train,1.0836,1.0853,-0.0017
shanghai_9.tif,train,0.5299,0.2269,0.3030
melbourne_16.tif,train,1.1231,1.1475,-0.0244
western_26.tif,train,1.0908,1.2803,-0.1895
duesseldorf_53.tif,train,1.5151,1.6059,-0.0907
viru_50.tif,train,0.8329,0.8436,-0.0107
muenster_12.tif,train,0.8279,0.7985,0.0294
monrovia_11.tif,train,1.4595,1.5581,-0.0985
wielkopolskie_38.tif,train,0.3090,0.3682,-0.0593
kitsap_28.tif,train,1.2406,1.3972,-0.1565
chiclayo_45.tif,train,0.5952,0.3037,0.2915
aachen_55.tif,train,1.0444,1.2490,-0.2046
wielkopolskie_28.tif,train,1.1116,1.3452,-0.2336
tonga_1.tif,train,1.4582,1.4941,-0.0358
kujawsko-pomorskie_11.tif,train,1.1503,1.1724,-0.0221
muenster_37.tif,train,1.2805,1.3967,-0.1161
duesseldorf_30.tif,train,1.2229,1.3799,-0.1571
lohur_1.tif,train,1.1861,1.2026,-0.0165
muenster_20.tif,train,0.5987,0.6064,-0.0077
zanzibar_65.tif,train,0.8167,0.7977,0.0190
mazowieckie_12.tif,train,0.2145,0.2146,-0.0001
chincha_21.tif,train,0.6343,0.8202,-0.1859
khartoum_2.tif,train,1.0088,1.2803,-0.2715
kampala_3.tif,train,1.2026,1.2938,-0.0912
vienna_17.tif,train,0.7967,0.3819,0.4148
dowa_1.tif,train,1.0318,1.2748,-0.2430
accra_41.tif,train,1.1299,1.0523,0.0776
vegas_6.tif,train,1.2245,1.4467,-0.2222
melbourne_55.tif,train,0.9952,1.0485,-0.0533
rio_16.tif,train,0.8691,0.7920,0.0771
rio_36.tif,train,0.8242,0.8257,-0.0015
christchurch_29.tif,train,1.3935,1.4535,-0.0600
zanzibar_68.tif,train,0.8038,0.8692,-0.0654
rotterdam_47.tif,train,1.1779,0.8154,0.3626
kagera_59.tif,train,0.9974,0.9877,0.0098
soriano_18.tif,train,0.9493,1.0003,-0.0510
duesseldorf_9.tif,train,1.0472,1.2056,-0.1584
svaneti_70.tif,train,0.8919,0.9362,-0.0443
zanzibar_92.tif,train,1.4174,1.3480,0.0694
chincha_13.tif,train,0.9520,0.9612,-0.0093
zanzibar_135.tif,train,0.8375,0.9561,-0.1186
pomorskie_19.tif,train,0.3636,0.3084,0.0552
melbourne_59.tif,train,1.1795,1.1237,0.0557
monrovia_1.tif,train,1.1062,1.2722,-0.1660
dhaka_17.tif,train,0.7427,0.8129,-0.0702
lohur_28.tif,train,1.3310,1.3112,0.0198
duesseldorf_57.tif,train,1.3576,1.4985,-0.1408
tyrolw_58.tif,train,0.7382,0.6736,0.0646
western_20.tif,train,0.9433,0.9830,-0.0397
shanghai_70.tif,train,1.3179,1.5275,-0.2096
chiclayo_25.tif,train,0.4507,0.5572,-0.1065
tyrolw_15.tif,train,0.3719,0.6472,-0.2752
christchurch_33.tif,train,1.6323,1.7242,-0.0919
khartoum_14.tif,train,0.8475,0.8597,-0.0122
chiclayo_48.tif,train,0.4503,0.2036,0.2467
kyoto_46.tif,train,1.0212,1.0820,-0.0608
niamey_8.tif,train,1.3407,1.3531,-0.0124
lambayeque_3.tif,train,1.2022,1.3486,-0.1464
lima_16.tif,train,0.8193,0.8953,-0.0759
kitsap_43.tif,train,0.3019,0.5265,-0.2246
dhaka_36.tif,train,1.2507,1.2141,0.0366
lohur_31.tif,train,1.1124,1.2228,-0.1104
dolnoslaskie_28.tif,train,0.8078,0.7288,0.0790
rio_57.tif,train,0.7275,0.8077,-0.0802
chincha_26.tif,train,1.1396,1.2302,-0.0907
chiangmai_6.tif,train,0.9229,0.9493,-0.0263
svaneti_68.tif,train,0.4974,0.4921,0.0053
chiangmai_12.tif,train,1.2383,1.2560,-0.0176
svaneti_53.tif,train,0.4303,0.3889,0.0414
ngaoundere_32.tif,train,1.2918,1.3390,-0.0472
kitsap_24.tif,train,1.4730,1.6669,-0.1939
muenster_3.tif,train,0.8970,0.9289,-0.0320
zanzibar_55.tif,train,0.6102,0.6493,-0.0391
chincha_40.tif,train,0.2848,0.5682,-0.2834
daressalaam_32.tif,train,1.4243,1.6056,-0.1813
tonga_37.tif,train,0.7156,0.7844,-0.0688
rosario_8.tif,train,1.2429,1.2117,0.0312
sechura_8.tif,train,0.7820,0.7440,0.0380
tokyo_50.tif,train,0.9377,0.7080,0.2297
dolnoslaskie_16.tif,train,0.3602,0.4816,-0.1213
tonga_29.tif,train,1.1288,1.0137,0.1151
slaskie_37.tif,train,0.4135,0.4317,-0.0182
swietokrzyskie_6.tif,train,0.7541,0.7298,0.0243
rotterdam_49.tif,train,1.2754,1.3020,-0.0266
mazowieckie_32.tif,train,0.6427,0.5342,0.1085
lodzkie_22.tif,train,0.2354,0.1324,0.1030
kagera_12.tif,train,1.1765,1.0704,0.1061
lubuskie_3.tif,train,0.1659,0.2651,-0.0992
christchurch_26.tif,train,0.4897,0.5693,-0.0796
muenster_23.tif,train,1.2024,1.1878,0.0145
kitsap_36.tif,train,1.0658,1.0522,0.0136
kyoto_60.tif,train,1.2693,1.4157,-0.1464
vegas_47.tif,train,1.2679,1.3830,-0.1151
western_21.tif,train,1.1340,1.1732,-0.0391
lubuskie_1.tif,train,0.3107,0.1957,0.1150
kitsap_1.tif,train,0.7195,0.6812,0.0383
western_10.tif,train,0.8542,0.8138,0.0404
dowa_21.tif,train,1.0429,1.2348,-0.1919
piura_30.tif,train,1.0256,1.0692,-0.0436
dortmund_58.tif,train,1.4986,1.6344,-0.1358
baybay_65.tif,train,0.5261,0.5632,-0.0370
piura_37.tif,train,0.6502,0.4469,0.2033
accra_15.tif,train,0.4857,0.7651,-0.2795
zanzibar_95.tif,train,0.7463,0.5302,0.2161
monrovia_67.tif,train,1.4653,1.4141,0.0512
wielkopolskie_23.tif,train,0.4905,0.4191,0.0714
lodzkie_11.tif,train,0.3730,0.1804,0.1926
soriano_15.tif,train,1.4203,1.4211,-0.0008
duesseldorf_25.tif,train,0.7002,0.7987,-0.0985
chincha_50.tif,train,1.0490,1.1184,-0.0694
bielefeld_55.tif,train,1.6883,1.7274,-0.0391
dowa_16.tif,train,0.9105,0.9044,0.0061
duesseldorf_38.tif,train,1.3808,1.5726,-0.1918
melbourne_9.tif,train,1.1009,1.0857,0.0152
ica_20.tif,train,0.3542,0.7750,-0.4208
melbourne_65.tif,train,1.2754,1.2368,0.0386
bielefeld_16.tif,train,0.7104,0.5263,0.1841
monrovia_66.tif,train,1.3563,1.2885,0.0677
paris_2.tif,train,1.2992,1.3873,-0.0882
chisinau_7.tif,train,1.0182,1.0224,-0.0042
piura_32.tif,train,0.9431,0.9327,0.0104
santiago_45.tif,train,0.8309,0.7116,0.1193
lubuskie_4.tif,train,0.4675,0.4495,0.0180
piura_27.tif,train,1.1957,1.2165,-0.0208
chisinau_50.tif,train,0.9723,1.0787,-0.1064
rio_15.tif,train,0.6731,0.9385,-0.2654
dhaka_24.tif,train,1.2324,1.2464,-0.0140
abancay_1.tif,train,0.8712,0.9444,-0.0732
vienna_50.tif,train,0.8676,0.6517,0.2159
zanzibar_24.tif,train,0.6482,0.9575,-0.3094
svaneti_39.tif,train,0.5561,0.5138,0.0423
daressalaam_61.tif,train,0.8197,1.3213,-0.5017
santiago_35.tif,train,1.1515,1.1452,0.0063
koeln_45.tif,train,1.2734,1.4084,-0.1350
svaneti_41.tif,train,1.0045,1.1765,-0.1720
zanzibar_108.tif,train,0.6617,0.8566,-0.1949
koeln_70.tif,train,1.0910,1.2136,-0.1226
lima_5.tif,train,0.8129,1.1929,-0.3799
zanzibar_13.tif,train,0.8144,0.7442,0.0702
lodzkie_4.tif,train,0.2800,0.0795,0.2005
tokyo_19.tif,train,1.2770,1.4312,-0.1542
sechura_24.tif,train,1.1400,1.1686,-0.0286
tokyo_15.tif,train,1.4166,1.5611,-0.1444
lambayeque_18.tif,train,1.0409,1.0881,-0.0472
chicago_28.tif,train,1.1001,1.1354,-0.0353
zanzibar_128.tif,train,0.9517,1.0022,-0.0505
dolnoslaskie_19.tif,train,0.6143,0.6217,-0.0074
santiago_67.tif,train,0.9456,0.8686,0.0770
dortmund_4.tif,train,0.5788,0.5821,-0.0033
chisinau_20.tif,train,1.0879,1.1014,-0.0136
zanzibar_77.tif,train,0.3538,0.6586,-0.3048
baybay_12.tif,train,0.4032,0.5016,-0.0984
chiclayo_4.tif,train,1.2287,1.2179,0.0108
dhaka_10.tif,train,0.9776,1.1671,-0.1895
pisco_36.tif,train,0.4321,0.3156,0.1165
swietokrzyskie_17.tif,train,0.5065,0.4096,0.0969
malopolskie_18.tif,train,0.2468,0.2515,-0.0047
chiangmai_16.tif,train,1.1222,1.1780,-0.0558
rotterdam_26.tif,train,1.2751,1.2641,0.0110
christchurch_56.tif,train,0.3008,0.4284,-0.1276
tonga_55.tif,train,1.4395,1.3736,0.0659
daressalaam_122.tif,train,0.8971,0.7674,0.1297
western_2.tif,train,0.8401,1.0069,-0.1668
santiago_24.tif,train,1.5221,1.7146,-0.1925
muenster_38.tif,train,1.5835,1.7211,-0.1375
dolnoslaskie_17.tif,train,0.3856,0.3414,0.0442
daressalaam_118.tif,train,1.3833,1.5800,-0.1967
abancay_47.tif,train,1.0225,0.9010,0.1215
dolnoslaskie_26.tif,train,0.4967,0.5490,-0.0523
lambayeque_20.tif,train,0.6329,0.6802,-0.0473
monrovia_4.tif,train,1.3858,1.5075,-0.1218
sechura_28.tif,train,0.9771,1.1428,-0.1658
aachen_15.tif,train,0.8420,0.8566,-0.0146
chincha_34.tif,train,0.8280,0.9606,-0.1326
baybay_20.tif,train,1.3221,1.4060,-0.0839
malopolskie_5.tif,train,0.5191,0.4804,0.0387
chisinau_47.tif,train,1.2500,1.3367,-0.0867
daressalaam_33.tif,train,0.8742,0.9613,-0.0871
chincha_37.tif,train,0.4181,0.6405,-0.2225
baybay_43.tif,train,0.4265,0.5197,-0.0932
tokyo_30.tif,train,1.2896,1.2523,0.0373
coxsbazar_34.tif,train,0.7381,0.8337,-0.0957
coxsbazar_27.tif,train,1.0446,1.0415,0.0031
bielefeld_4.tif,train,0.5926,0.5735,0.0191
austin_23.tif,train,0.9083,1.0297,-0.1214
mazowieckie_5.tif,train,0.4798,0.4022,0.0776
swietokrzyskie_22.tif,train,0.6116,0.6292,-0.0176
koeln_39.tif,train,0.6130,0.8080,-0.1950
vienna_66.tif,train,1.3086,1.3563,-0.0478
dolnoslaskie_9.tif,train,0.4646,0.3940,0.0707
rio_65.tif,train,1.0095,0.9915,0.0181
kyoto_24.tif,train,1.1596,1.4209,-0.2614
zachodniopomorskie_7.tif,train,0.3585,0.4517,-0.0932
tonga_43.tif,train,1.5757,1.5253,0.0504
coxsbazar_79.tif,train,0.4480,0.4787,-0.0306
zanzibar_126.tif,train,0.4434,0.9126,-0.4692
kitsap_46.tif,train,0.2010,0.0418,0.1592
maputo_5.tif,train,1.2997,1.3835,-0.0838
chicago_10.tif,train,1.2508,1.4564,-0.2056
ulaanbaatar_37.tif,train,0.5697,0.4385,0.1312
baybay_55.tif,train,0.7243,0.7560,-0.0317
santiago_6.tif,train,1.5076,1.7670,-0.2594
mazowieckie_22.tif,train,0.6390,0.4774,0.1615
svaneti_59.tif,train,0.8578,0.5696,0.2882
chincha_20.tif,train,0.8202,0.9753,-0.1551
accra_67.tif,train,1.0952,1.4523,-0.3571
melbourne_3.tif,train,1.1846,1.1776,0.0070
baybay_19.tif,train,0.5930,0.6651,-0.0722
lima_44.tif,train,1.0941,0.9329,0.1612
khartoum_67.tif,train,0.6514,0.9776,-0.3262
austin_40.tif,train,1.3946,1.4341,-0.0395
chiangmai_14.tif,train,0.9774,0.8446,0.1328
lambayeque_49.tif,train,1.1177,1.1657,-0.0480
daressalaam_67.tif,train,1.3057,1.3921,-0.0864
accra_63.tif,train,1.1729,1.3700,-0.1971
christchurch_14.tif,train,0.4891,0.4923,-0.0032
viru_26.tif,train,0.9360,0.8427,0.0933
zanzibar_67.tif,train,0.7653,0.8864,-0.1211
western_11.tif,train,0.3224,0.5798,-0.2573
lambayeque_2.tif,train,1.0507,1.0889,-0.0381
dhaka_63.tif,train,1.1339,1.1465,-0.0126
melbourne_21.tif,train,1.2808,1.2605,0.0203
vienna_35.tif,train,1.1131,1.1454,-0.0323
svaneti_29.tif,train,0.8069,0.9316,-0.1248
ngaoundere_35.tif,train,1.1198,1.1278,-0.0080
pisco_5.tif,train,0.7825,0.6742,0.1083
dolnoslaskie_29.tif,train,1.1559,1.1526,0.0034
ngaoundere_2.tif,train,1.2380,1.3126,-0.0745
accra_69.tif,train,0.5897,0.3667,0.2230
accra_46.tif,train,1.0104,0.4361,0.5743
dhaka_38.tif,train,1.0824,1.1914,-0.1090
chicago_38.tif,train,0.8637,0.9399,-0.0761
podkarpackie_4.tif,train,0.4552,0.5530,-0.0978
aachen_49.tif,train,1.0079,1.1552,-0.1473
tokyo_47.tif,train,1.1748,1.2529,-0.0780
soriano_20.tif,train,1.2551,1.4577,-0.2026
kagera_11.tif,train,1.0845,1.0303,0.0543
daressalaam_1.tif,train,1.1531,1.2875,-0.1344
dolnoslaskie_40.tif,train,0.4512,0.3570,0.0942
christchurch_41.tif,train,1.6049,1.6503,-0.0454
bielefeld_41.tif,train,0.9394,0.7528,0.1866
dhaka_6.tif,train,1.4618,1.4615,0.0004
zanzibar_70.tif,train,0.5412,0.6519,-0.1107
mahe_22.tif,train,0.5678,0.5774,-0.0096
melbourne_68.tif,train,0.9738,0.9958,-0.0220
swietokrzyskie_21.tif,train,0.5342,0.5103,0.0239
lima_19.tif,train,0.4049,0.5466,-0.1417
coxsbazar_53.tif,train,0.4541,0.6031,-0.1489
sechura_16.tif,train,0.7945,0.9917,-0.1972
zanzibar_48.tif,train,0.7839,0.7817,0.0022
mahe_56.tif,train,0.8839,0.7331,0.1508
chicago_14.tif,train,1.2962,1.4540,-0.1578
dortmund_61.tif,train,1.6555,1.7678,-0.1124
christchurch_38.tif,train,1.0186,1.0203,-0.0017
tonga_70.tif,train,1.5031,1.5402,-0.0371
daressalaam_112.tif,train,1.1644,1.2022,-0.0378
swietokrzyskie_31.tif,train,0.4679,0.3716,0.0963
ngaoundere_26.tif,train,1.2014,1.3049,-0.1036
dhaka_29.tif,train,0.9781,0.9566,0.0215
kyoto_36.tif,train,1.0555,1.0215,0.0340
pomorskie_20.tif,train,0.3814,0.4131,-0.0316
viru_36.tif,train,0.8257,1.0129,-0.1873
ulaanbaatar_45.tif,train,0.5827,0.8130,-0.2303
koeln_31.tif,train,0.6705,0.9144,-0.2438
duesseldorf_70.tif,train,1.1002,1.2105,-0.1103
tonga_2.tif,train,1.3083,1.3158,-0.0075
tokyo_22.tif,train,1.3524,1.4863,-0.1340
viru_35.tif,train,0.6667,0.7710,-0.1043
pisco_4.tif,train,0.8387,0.9555,-0.1168
melbourne_47.tif,train,1.3100,1.5234,-0.2134
dortmund_37.tif,train,0.6618,0.6948,-0.0330
daressalaam_41.tif,train,1.3852,1.5619,-0.1767
rio_3.tif,train,1.5391,1.8756,-0.3365
coxsbazar_67.tif,train,0.5041,0.6801,-0.1760
dolnoslaskie_35.tif,train,0.7611,0.6908,0.0703
bielefeld_23.tif,train,1.5384,1.6378,-0.0994
aachen_63.tif,train,1.0958,1.2353,-0.1396
kyoto_2.tif,train,1.3754,1.4386,-0.0632
lima_42.tif,train,0.1419,0.2114,-0.0695
lambayeque_40.tif,train,0.6108,0.7673,-0.1565
daressalaam_34.tif,train,1.1257,1.3115,-0.1858
maputo_15.tif,train,1.2326,1.1663,0.0662
swietokrzyskie_33.tif,train,0.3545,0.3288,0.0257
swietokrzyskie_3.tif,train,0.3257,0.2673,0.0584
daressalaam_37.tif,train,1.3454,1.5208,-0.1754
baybay_56.tif,train,0.9362,0.8862,0.0501
christchurch_34.tif,train,1.6653,1.7006,-0.0354
lubuskie_2.tif,train,0.4807,0.3731,0.1076
aachen_33.tif,train,1.1096,1.3723,-0.2627
tyrolw_52.tif,train,1.2012,1.2014,-0.0002
dhaka_43.tif,train,0.8977,0.8444,0.0533
monrovia_27.tif,train,1.1474,1.0684,0.0790
dhaka_50.tif,train,1.1777,1.2125,-0.0349
duesseldorf_60.tif,train,0.7385,0.6909,0.0476
daressalaam_80.tif,train,1.2108,1.1630,0.0478
ica_4.tif,train,1.0811,1.2174,-0.1364
coxsbazar_37.tif,train,0.6274,0.9212,-0.2938
lima_27.tif,train,1.2045,1.4147,-0.2102
piura_49.tif,train,1.0741,1.1197,-0.0456
duesseldorf_1.tif,train,1.6358,1.7532,-0.1174
rotterdam_4.tif,train,1.4122,1.3907,0.0215
abancay_33.tif,train,1.1594,1.3999,-0.2406
podlaskie_5.tif,train,0.4750,0.4163,0.0587
piura_33.tif,train,0.7669,0.8436,-0.0767
monrovia_72.tif,train,1.4045,1.4177,-0.0131
melbourne_1.tif,train,1.1135,1.1488,-0.0353
rosario_2.tif,train,1.4422,1.5562,-0.1140
rotterdam_33.tif,train,1.0599,0.9853,0.0746
kyoto_25.tif,train,1.3395,1.3804,-0.0409
shanghai_67.tif,train,0.8956,0.7268,0.1688
zanzibar_35.tif,train,0.8195,0.9119,-0.0924
daressalaam_49.tif,train,0.9380,1.2966,-0.3585
dowa_2.tif,train,0.6864,0.8797,-0.1934
dhaka_2.tif,train,1.0373,1.2088,-0.1714
monrovia_16.tif,train,0.9232,0.8943,0.0289
pointenoire_4.tif,train,1.3583,1.5163,-0.1580
swietokrzyskie_40.tif,train,0.3828,0.3612,0.0216
lima_18.tif,train,0.4469,0.5768,-0.1299
pomorskie_16.tif,train,0.3988,0.4460,-0.0472
muenster_19.tif,train,0.6184,0.5743,0.0442
dhaka_26.tif,train,1.1299,1.2442,-0.1143
ngaoundere_61.tif,train,1.0490,1.0247,0.0243
mahe_10.tif,train,1.1284,1.1164,0.0120
rotterdam_24.tif,train,1.3483,1.4181,-0.0697
koeln_63.tif,train,1.4616,1.5337,-0.0722
chincha_23.tif,train,0.8605,0.7936,0.0669
kyoto_56.tif,train,1.3577,1.5521,-0.1945
ngaoundere_17.tif,train,1.2574,1.1596,0.0978
kagera_13.tif,train,0.7691,0.8954,-0.1263
koeln_53.tif,train,0.9169,0.7822,0.1347
bielefeld_57.tif,train,0.4026,0.8986,-0.4960
zanzibar_93.tif,train,0.3290,0.7229,-0.3939
pomorskie_36.tif,train,0.3471,0.2187,0.1284
aachen_43.tif,train,1.5790,1.7452,-0.1662
duesseldorf_62.tif,train,1.0744,1.0175,0.0570
ngaoundere_51.tif,train,0.8625,0.9548,-0.0923
tokyo_67.tif,train,1.3394,1.4397,-0.1003
austin_6.tif,train,1.2218,1.2049,0.0170
kagera_37.tif,train,0.8126,0.7633,0.0493
paris_22.tif,train,1.3400,1.5340,-0.1940
piura_6.tif,train,0.8390,0.9255,-0.0865
mahe_47.tif,train,0.6631,0.5702,0.0929
ica_2.tif,train,0.7853,0.7909,-0.0056
accra_32.tif,train,1.3796,1.4441,-0.0645
mazowieckie_34.tif,train,0.3016,0.2443,0.0574
viru_18.tif,train,0.8669,0.7548,0.1121
monrovia_42.tif,train,1.2926,1.1252,0.1673
dortmund_22.tif,train,1.6942,1.7614,-0.0672
bielefeld_46.tif,train,0.6670,0.6542,0.0128
vienna_19.tif,train,1.2587,1.3480,-0.0893
muenster_49.tif,train,1.2053,1.2216,-0.0163
podkarpackie_18.tif,train,1.2219,1.3478,-0.1259
baybay_24.tif,train,0.5080,0.5291,-0.0211
christchurch_59.tif,train,1.6084,1.6793,-0.0709
khartoum_56.tif,train,1.1017,0.9341,0.1676
kagera_53.tif,train,0.9009,0.7760,0.1249
sechura_1.tif,train,0.9167,0.9687,-0.0520
pomorskie_3.tif,train,0.8742,0.7039,0.1703
viru_31.tif,train,0.7753,0.7069,0.0684
abancay_27.tif,train,0.9220,1.0203,-0.0983
tonga_57.tif,train,1.3971,1.4002,-0.0032
tokyo_5.tif,train,1.2083,1.0478,0.1606
dortmund_5.tif,train,0.3707,0.3728,-0.0021
chisinau_15.tif,train,1.0863,1.1455,-0.0592
pisco_45.tif,train,0.8055,0.8607,-0.0552
monrovia_63.tif,train,1.4556,1.5166,-0.0610
monrovia_58.tif,train,1.1718,1.1875,-0.0157
chisinau_27.tif,train,1.1366,1.2859,-0.1494
kagera_33.tif,train,1.1129,0.5927,0.5203
daressalaam_74.tif,train,1.1751,1.3337,-0.1587
santiago_47.tif,train,1.5061,1.5140,-0.0079
coxsbazar_57.tif,train,0.8442,0.8721,-0.0279
podkarpackie_17.tif,train,0.3971,0.3968,0.0004
chiangmai_15.tif,train,1.0575,1.1199,-0.0623
soriano_11.tif,train,1.4543,1.4805,-0.0261
santiago_4.tif,train,1.0988,1.2431,-0.1443
chicago_36.tif,train,0.6719,0.8065,-0.1346
tonga_35.tif,train,1.3086,1.1070,0.2016
rio_14.tif,train,0.8122,0.9679,-0.1557
tonga_14.tif,train,1.2009,1.0008,0.2001
aachen_9.tif,train,0.8581,0.9446,-0.0865
slaskie_25.tif,train,0.5884,0.6800,-0.0916
rio_54.tif,train,0.7933,0.8567,-0.0635
abancay_43.tif,train,1.0939,1.2146,-0.1206
accra_28.tif,train,1.2873,1.3696,-0.0823
ngaoundere_63.tif,train,0.9805,0.5150,0.4655
tokyo_58.tif,train,1.4645,1.5262,-0.0617
ngaoundere_59.tif,train,1.2865,1.2880,-0.0015
coxsbazar_75.tif,train,0.4403,0.6094,-0.1692
slaskie_22.tif,train,0.5899,0.7991,-0.2092
accra_64.tif,train,1.3140,1.4172,-0.1031
vienna_30.tif,train,0.7821,0.7524,0.0297
aachen_7.tif,train,0.7246,0.7215,0.0032
slaskie_27.tif,train,0.9119,0.8175,0.0944
tonga_51.tif,train,1.3311,1.3559,-0.0247
daressalaam_66.tif,train,0.8216,0.8914,-0.0698
koeln_2.tif,train,1.6331,1.6365,-0.0033
dhaka_47.tif,train,1.2342,1.4315,-0.1972
piura_43.tif,train,0.6725,0.8093,-0.1367
duesseldorf_50.tif,train,0.7856,0.7226,0.0630
zanzibar_133.tif,train,0.3232,0.8676,-0.5445
tyrolw_62.tif,train,0.4851,0.4998,-0.0146
viru_43.tif,train,0.8263,0.9349,-0.1085
duesseldorf_16.tif,train,0.1771,0.6267,-0.4497
sechura_10.tif,train,0.7990,0.8950,-0.0960
daressalaam_84.tif,train,0.2947,0.0606,0.2342
rotterdam_15.tif,train,1.3020,1.3041,-0.0021
wielkopolskie_8.tif,train,0.4295,0.4582,-0.0287
kyoto_6.tif,train,0.7913,0.6763,0.1150
chiclayo_23.tif,train,1.1325,1.1551,-0.0226
koeln_38.tif,train,0.7864,0.8486,-0.0622
ngaoundere_37.tif,train,1.1476,0.9578,0.1899
baybay_51.tif,train,0.4314,0.7204,-0.2890
zanzibar_141.tif,train,0.8883,0.9789,-0.0907
paris_28.tif,train,1.4004,1.4472,-0.0467
mazowieckie_27.tif,train,0.9158,0.8852,0.0306
monrovia_12.tif,train,1.4396,1.4218,0.0178
khartoum_40.tif,train,1.1536,1.0509,0.1026
abancay_3.tif,train,1.2041,1.2340,-0.0299
zanzibar_139.tif,train,0.6011,0.6084,-0.0074
muenster_33.tif,train,1.2773,1.3724,-0.0951
svaneti_48.tif,train,1.0108,1.0671,-0.0563
lambayeque_13.tif,train,1.1069,1.1288,-0.0219
chisinau_2.tif,train,0.9234,1.0089,-0.0855
kitsap_10.tif,train,1.3058,1.4603,-0.1545
pisco_14.tif,train,0.7447,0.6363,0.1085
paris_45.tif,train,1.3129,1.3966,-0.0838
duesseldorf_46.tif,train,1.3389,1.4039,-0.0649
khartoum_26.tif,train,1.0437,1.0959,-0.0522
abancay_34.tif,train,0.6536,0.6939,-0.0404
ulaanbaatar_25.tif,train,0.8129,1.3202,-0.5073
koeln_64.tif,train,1.2387,1.3505,-0.1118
dhaka_35.tif,train,0.3313,0.3913,-0.0600
wielkopolskie_40.tif,train,0.8694,0.9891,-0.1197
lima_30.tif,train,0.6985,0.9539,-0.2554
vienna_65.tif,train,1.2216,1.2724,-0.0508
monrovia_53.tif,train,0.8095,0.8947,-0.0852
malopolskie_21.tif,train,0.5184,0.4452,0.0731
shanghai_12.tif,train,1.1978,1.3383,-0.1405
tonga_5.tif,train,0.8675,1.0228,-0.1553
khartoum_29.tif,train,0.9059,0.7566,0.1494
dortmund_12.tif,train,0.7465,0.7236,0.0229
ica_30.tif,train,0.4856,0.4136,0.0720
aachen_24.tif,train,0.5878,0.5636,0.0242
tyrolw_25.tif,train,0.6714,0.7517,-0.0802
kampala_1.tif,train,0.9848,0.9762,0.0086
melbourne_28.tif,train,1.2723,1.3273,-0.0550
aachen_70.tif,train,0.9461,1.1902,-0.2440
piura_2.tif,train,0.9119,0.8241,0.0877
tyrolw_28.tif,train,0.9111,1.0616,-0.1505
khartoum_27.tif,train,1.1595,1.0614,0.0981
koeln_17.tif,train,1.4135,1.5084,-0.0949
coxsbazar_25.tif,train,0.5239,0.5696,-0.0458
austin_27.tif,train,1.0522,0.9963,0.0559
kitsap_44.tif,train,0.3731,0.4148,-0.0417
lambayeque_1.tif,train,0.4960,0.4679,0.0281
malopolskie_11.tif,train,0.1614,0.0949,0.0665
duesseldorf_29.tif,train,1.0885,1.3074,-0.2189
kitsap_23.tif,train,1.5323,1.6589,-0.1266
kitsap_41.tif,train,0.0616,0.3898,-0.3283
viru_12.tif,train,0.7599,0.7563,0.0036
vienna_31.tif,train,0.7626,0.8141,-0.0515
piura_50.tif,train,1.1736,1.1392,0.0344
chincha_22.tif,train,0.7683,0.8789,-0.1106
piura_16.tif,train,0.9580,1.2509,-0.2929
khartoum_12.tif,train,1.1864,0.7055,0.4809
daressalaam_113.tif,train,0.9382,1.1915,-0.2534
chincha_19.tif,train,0.9320,1.1131,-0.1811
warminsko-mazurskie_5.tif,train,0.4424,0.5318,-0.0894
baybay_42.tif,train,0.8628,0.9731,-0.1103
mahe_70.tif,train,1.1685,1.3293,-0.1608
dowa_12.tif,train,0.5774,0.6379,-0.0605
duesseldorf_45.tif,train,0.8395,0.7369,0.1026
dhaka_32.tif,train,0.7511,0.7678,-0.0167
daressalaam_124.tif,train,0.7760,0.8143,-0.0383
zanzibar_107.tif,train,0.4396,0.7160,-0.2764
podlaskie_1.tif,train,0.1340,0.1161,0.0179
baybay_27.tif,train,0.9267,1.1674,-0.2407
kujawsko-pomorskie_10.tif,train,0.4691,0.4346,0.0345
dhaka_39.tif,train,1.2823,1.4473,-0.1650
daressalaam_29.tif,train,1.1099,1.2948,-0.1849
muenster_48.tif,train,1.7198,1.8264,-0.1066
lima_20.tif,train,0.2968,0.4691,-0.1723
mahe_1.tif,train,0.6444,0.4642,0.1802
dhaka_45.tif,train,1.1206,1.1228,-0.0022
ngaoundere_23.tif,train,1.2817,1.3105,-0.0288
daressalaam_55.tif,train,1.0440,1.4440,-0.4000
daressalaam_82.tif,train,1.1442,1.2416,-0.0973
kyoto_23.tif,train,1.4470,1.5906,-0.1436
lambayeque_36.tif,train,0.7127,0.6922,0.0204
rio_47.tif,train,1.1345,1.2036,-0.0691
chincha_43.tif,train,1.0903,0.9639,0.1263
kyoto_12.tif,train,1.0079,0.9398,0.0681
santiago_61.tif,train,1.4480,1.6261,-0.1781
koeln_34.tif,train,1.4085,1.5758,-0.1673
lohur_18.tif,train,0.3715,0.5148,-0.1433
shanghai_1.tif,train,0.3445,0.2501,0.0944
muenster_10.tif,train,1.8156,1.9388,-0.1232
kujawsko-pomorskie_17.tif,train,0.9082,1.1364,-0.2282
dortmund_70.tif,train,1.0772,1.1786,-0.1014
monrovia_26.tif,train,1.3251,1.3887,-0.0636
mazowieckie_13.tif,train,0.4915,0.6066,-0.1150
tyrolw_19.tif,train,1.1179,1.2628,-0.1449
tokyo_40.tif,train,1.3059,1.5940,-0.2881
rotterdam_18.tif,train,0.7199,0.7271,-0.0072
chiclayo_14.tif,train,0.8173,0.8601,-0.0428
kyoto_42.tif,train,1.2594,0.9376,0.3218
chicago_20.tif,train,1.3458,1.5127,-0.1669
daressalaam_59.tif,train,1.3778,1.4745,-0.0967
maputo_4.tif,train,1.2832,1.3950,-0.1118
tyrolw_29.tif,train,1.1333,1.3051,-0.1718
kyoto_69.tif,train,0.8970,0.8953,0.0018
lubuskie_22.tif,train,0.2718,0.2712,0.0006
piura_20.tif,train,0.8825,0.8716,0.0109
chisinau_55.tif,train,1.1506,1.1834,-0.0328
coxsbazar_61.tif,train,0.4982,0.4964,0.0018
zanzibar_112.tif,train,0.7312,0.9821,-0.2509
bielefeld_60.tif,train,1.7249,1.7541,-0.0292
rio_68.tif,train,0.6703,0.6133,0.0570
aachen_22.tif,train,0.9354,0.9211,0.0143
zanzibar_37.tif,train,0.8790,0.7904,0.0885
niamey_7.tif,train,1.1282,0.9408,0.1874
chincha_10.tif,train,0.9654,1.1111,-0.1457
daressalaam_43.tif,train,0.9626,1.3268,-0.3642
shanghai_59.tif,train,1.1010,1.3472,-0.2462
lima_7.tif,train,1.0473,1.1326,-0.0853
khartoum_15.tif,train,1.2895,1.1561,0.1335
tyrolw_6.tif,train,0.5467,0.4818,0.0649
tyrolw_5.tif,train,0.4444,0.2737,0.1707
christchurch_44.tif,train,1.1041,1.1334,-0.0293
melbourne_27.tif,train,1.4331,1.5156,-0.0825
muenster_56.tif,train,1.3450,1.4203,-0.0753
kitsap_40.tif,train,0.3750,0.5435,-0.1685
kyoto_39.tif,train,0.9685,1.0189,-0.0504
baybay_16.tif,train,1.2167,1.2753,-0.0586
monrovia_75.tif,train,1.3493,1.3474,0.0019
lambayeque_38.tif,train,0.5518,0.5713,-0.0195
daressalaam_47.tif,train,1.1310,1.3716,-0.2406
accra_49.tif,train,0.2462,0.6744,-0.4282
soriano_4.tif,train,1.1522,1.1484,0.0038
chiclayo_9.tif,train,0.6487,0.7041,-0.0553
christchurch_6.tif,train,0.8384,0.7357,0.1027
zachodniopomorskie_1.tif,train,0.2589,0.4338,-0.1749
dortmund_47.tif,train,1.5293,1.5467,-0.0174
paris_53.tif,train,1.3239,1.4508,-0.1269
tonga_68.tif,train,1.5470,1.4571,0.0900
rio_70.tif,train,1.0713,0.9270,0.1443
ulaanbaatar_35.tif,train,1.0059,1.3854,-0.3795
duesseldorf_43.tif,train,1.4268,1.6313,-0.2045
tonga_52.tif,train,0.9338,0.8969,0.0368
ngaoundere_10.tif,train,1.2658,1.4050,-0.1391
paris_3.tif,train,1.4061,1.3987,0.0075
lubuskie_12.tif,train,0.3385,0.5256,-0.1871
dhaka_62.tif,train,0.9726,0.8964,0.0762
baybay_54.tif,train,1.0316,1.1642,-0.1326
vienna_11.tif,train,1.3708,1.2911,0.0798
chisinau_34.tif,train,1.1416,1.2059,-0.0642
rio_21.tif,train,1.5075,1.5993,-0.0918
lambayeque_32.tif,train,0.6331,0.6024,0.0308
lohur_37.tif,train,0.6687,0.6793,-0.0106
ulaanbaatar_21.tif,train,0.6040,0.3701,0.2339
paris_66.tif,train,1.2155,1.3827,-0.1672
kujawsko-pomorskie_16.tif,train,0.6612,0.6492,0.0120
tonga_7.tif,train,1.3515,1.2905,0.0610
zanzibar_74.tif,train,0.6327,0.7859,-0.1532
dowa_19.tif,train,0.7554,0.9584,-0.2030
niamey_13.tif,train,1.3452,1.4713,-0.1261
viru_47.tif,train,0.9870,0.8913,0.0958
melbourne_40.tif,train,1.4039,1.5096,-0.1057
svaneti_5.tif,train,0.9346,1.1781,-0.2435
svaneti_4.tif,train,0.6095,0.8821,-0.2726
dolnoslaskie_13.tif,train,0.7535,0.7697,-0.0163
dortmund_29.tif,train,0.9744,1.0365,-0.0621
aachen_1.tif,train,0.2744,0.3605,-0.0861
malopolskie_29.tif,train,0.4314,0.3535,0.0778
kitsap_17.tif,train,0.2224,0.1140,0.1083
dortmund_20.tif,train,0.7430,0.7722,-0.0292
mazowieckie_6.tif,train,0.6170,0.7229,-0.1060
muenster_16.tif,train,0.3935,0.3892,0.0043
zanzibar_86.tif,train,0.3487,0.9007,-0.5520
rio_6.tif,train,0.8848,0.7337,0.1511
paris_9.tif,train,1.5018,1.5559,-0.0541
ulaanbaatar_13.tif,train,0.9133,0.5963,0.3170
paris_33.tif,train,0.2624,0.7868,-0.5244
koeln_18.tif,train,1.3330,1.3811,-0.0481
vegas_3.tif,train,1.1376,1.2721,-0.1345
wielkopolskie_37.tif,train,0.6362,0.6427,-0.0065
warminsko-mazurskie_7.tif,train,0.4497,0.5612,-0.1115
dolnoslaskie_39.tif,train,0.2425,0.1203,0.1222
piura_23.tif,train,0.5613,0.6139,-0.0526
vegas_38.tif,train,1.3496,1.4794,-0.1297
duesseldorf_12.tif,train,1.4432,1.5199,-0.0767
kitsap_25.tif,train,1.4072,1.6391,-0.2319
svaneti_36.tif,train,1.2961,1.3830,-0.0869
dortmund_45.tif,train,1.1366,1.1457,-0.0092
lohur_25.tif,train,0.2632,0.3318,-0.0687
dortmund_19.tif,train,1.0551,1.0503,0.0047
pomorskie_14.tif,train,0.5715,0.6407,-0.0693
chicago_30.tif,train,1.4288,1.6498,-0.2210
tokyo_35.tif,train,1.3898,1.5688,-0.1789
shanghai_38.tif,train,0.9200,0.8382,0.0818
muenster_36.tif,train,1.2719,1.3622,-0.0903
vienna_42.tif,train,1.4196,1.4666,-0.0470
paris_31.tif,train,0.5754,0.8919,-0.3165
austin_9.tif,train,1.2350,1.2950,-0.0599
koeln_44.tif,train,1.5456,1.6454,-0.0998
kagera_21.tif,train,1.0691,1.0390,0.0301
christchurch_51.tif,train,1.6358,1.7449,-0.1091
paris_5.tif,train,1.3585,1.3587,-0.0002
rio_23.tif,train,0.6066,0.7911,-0.1845
rio_39.tif,train,1.5037,1.5697,-0.0660
pomorskie_10.tif,train,0.8726,0.7207,0.1520
pisco_41.tif,train,1.0303,1.0800,-0.0496
mahe_63.tif,train,1.3400,1.3075,0.0325
lubuskie_6.tif,train,0.7426,0.6194,0.1232
aachen_13.tif,train,1.0344,1.1284,-0.0940
shanghai_37.tif,train,1.2153,1.4467,-0.2314
podkarpackie_15.tif,train,0.4331,0.3253,0.1078
swietokrzyskie_20.tif,train,0.2700,0.1974,0.0726
daressalaam_71.tif,train,1.4214,1.5681,-0.1467
vegas_28.tif,train,1.1840,1.1503,0.0336
vienna_21.tif,train,1.1405,1.1302,0.0104
khartoum_17.tif,train,1.1359,1.2166,-0.0807
shanghai_53.tif,train,1.1757,1.7072,-0.5315
lohur_38.tif,train,0.4069,0.5444,-0.1375
monrovia_59.tif,train,1.4251,1.4537,-0.0286
koeln_67.tif,train,1.3288,1.4700,-0.1411
tyrolw_31.tif,train,0.6801,0.6208,0.0593
santiago_60.tif,train,1.5066,1.6706,-0.1640
pomorskie_4.tif,train,0.8395,0.6385,0.2009
ica_11.tif,train,1.1134,1.1918,-0.0784
koeln_55.tif,train,0.5891,0.5239,0.0652
monrovia_3.tif,train,1.4967,1.5520,-0.0553
bielefeld_64.tif,train,0.8226,0.8170,0.0056
accra_18.tif,train,0.2680,0.3667,-0.0987
tokyo_62.tif,train,1.4206,1.6674,-0.2468
melbourne_44.tif,train,1.2675,1.3427,-0.0752
chisinau_60.tif,train,1.1028,1.1945,-0.0917
vienna_46.tif,train,1.0378,1.1275,-0.0897
tokyo_56.tif,train,1.4392,1.5766,-0.1374
abancay_30.tif,train,1.2927,1.3939,-0.1012
duesseldorf_3.tif,train,0.4145,0.4386,-0.0241
vegas_26.tif,train,1.4112,1.5102,-0.0990
pisco_15.tif,train,0.3037,0.3193,-0.0157
khartoum_62.tif,train,1.0804,0.7811,0.2993
lohur_33.tif,train,1.3486,1.4950,-0.1464
ngaoundere_33.tif,train,1.1657,1.2039,-0.0382
ica_3.tif,train,1.2296,1.2933,-0.0638
zanzibar_102.tif,train,1.3940,1.5581,-0.1641
santiago_19.tif,train,1.0694,1.3487,-0.2793
austin_8.tif,train,1.3853,1.3781,0.0072
vegas_17.tif,train,0.8817,0.8976,-0.0159
duesseldorf_19.tif,train,0.3355,0.3377,-0.0022
khartoum_60.tif,train,0.9291,1.1306,-0.2015
christchurch_4.tif,train,0.8680,0.8340,0.0340
paris_19.tif,train,1.2127,1.4226,-0.2099
abancay_20.tif,train,1.2154,1.2012,0.0142
wielkopolskie_24.tif,train,0.4568,0.3961,0.0608
daressalaam_100.tif,train,0.8948,1.0924,-0.1976
sechura_27.tif,train,0.9523,1.1578,-0.2055
shanghai_58.tif,train,0.8094,0.6527,0.1567
dortmund_32.tif,train,1.2457,1.4069,-0.1612
ica_25.tif,train,0.7802,1.0308,-0.2506
kyoto_57.tif,train,1.3827,1.4077,-0.0250
shanghai_49.tif,train,1.5442,1.6945,-0.1503
christchurch_63.tif,train,1.4643,1.4276,0.0367
coxsbazar_69.tif,train,0.6202,0.5264,0.0938
lambayeque_24.tif,train,0.9355,0.7296,0.2059
western_18.tif,train,0.8901,1.0892,-0.1992
khartoum_1.tif,train,1.1916,1.1528,0.0389
bielefeld_63.tif,train,1.3712,1.2386,0.1326
piura_35.tif,train,0.6911,0.6794,0.0117
santiago_64.tif,train,1.3158,1.3216,-0.0057
zanzibar_2.tif,train,0.8804,0.8832,-0.0028
dhaka_14.tif,train,1.0753,1.0895,-0.0143
daressalaam_57.tif,train,1.2440,1.4925,-0.2484
soriano_7.tif,train,1.5899,1.5519,0.0380
rio_19.tif,train,1.0804,1.3521,-0.2717
tonga_38.tif,train,1.0129,0.9509,0.0620
sechura_46.tif,train,1.0689,1.0026,0.0664
kitsap_32.tif,train,0.4743,0.5574,-0.0831
santiago_48.tif,train,1.2640,1.3094,-0.0454
duesseldorf_32.tif,train,1.1868,1.3058,-0.1190
rio_22.tif,train,0.8566,1.0412,-0.1846
chisinau_62.tif,train,1.1773,1.2165,-0.0392
abancay_23.tif,train,1.1244,1.0692,0.0553
kitsap_34.tif,train,0.3061,0.1010,0.2052
chisinau_57.tif,train,1.1806,1.1981,-0.0175
shanghai_3.tif,train,0.9586,0.7318,0.2268
sechura_39.tif,train,0.9491,1.0304,-0.0813
chisinau_1.tif,train,1.0711,1.1175,-0.0464
ulaanbaatar_29.tif,train,0.3726,0.3281,0.0445
chincha_3.tif,train,0.9370,1.0601,-0.1231
rio_64.tif,train,1.3624,1.7045,-0.3421
muenster_30.tif,train,1.2687,1.2444,0.0244
ulaanbaatar_26.tif,train,1.0057,1.2828,-0.2770
mazowieckie_17.tif,train,0.4846,0.3867,0.0980
santiago_43.tif,train,0.9252,1.0154,-0.0901
ica_36.tif,train,1.0506,1.1311,-0.0805
bielefeld_48.tif,train,1.2258,1.4109,-0.1851
paris_41.tif,train,0.8507,0.6147,0.2360
vegas_13.tif,train,1.0444,1.0019,0.0425
pisco_24.tif,train,0.6913,0.6150,0.0764
coxsbazar_32.tif,train,0.8750,0.9001,-0.0251
ica_47.tif,train,0.2602,0.5231,-0.2630
tonga_53.tif,train,0.8841,0.8215,0.0626
sechura_29.tif,train,0.7449,0.7728,-0.0280
kagera_22.tif,train,1.2095,1.1686,0.0409
dortmund_41.tif,train,1.3701,1.5606,-0.1904
accra_33.tif,train,0.7106,0.5308,0.1798
chicago_4.tif,train,0.5391,0.9084,-0.3692
koeln_40.tif,train,1.2834,1.4869,-0.2035
chincha_11.tif,train,1.0469,1.1367,-0.0898
malopolskie_6.tif,train,0.2626,0.4178,-0.1553
melbourne_48.tif,val,1.2696,1.3210,-0.0514
tokyo_53.tif,val,1.5269,1.7178,-0.1909
slaskie_35.tif,val,1.0475,1.0007,0.0467
accra_12.tif,val,1.1247,0.8288,0.2959
malopolskie_2.tif,val,0.0842,0.1040,-0.0198
chincha_14.tif,val,0.6966,0.9007,-0.2041
pisco_6.tif,val,0.3893,0.4229,-0.0337
ulaanbaatar_9.tif,val,0.8996,1.3181,-0.4185
zanzibar_124.tif,val,0.5709,1.1123,-0.5414
tonga_17.tif,val,0.9178,0.9056,0.0122
mazowieckie_19.tif,val,0.4170,0.4433,-0.0263
koeln_36.tif,val,1.2693,1.4038,-0.1345
piura_5.tif,val,0.7923,0.9081,-0.1158
malopolskie_38.tif,val,0.6589,0.5543,0.1046
kujawsko-pomorskie_15.tif,val,1.1666,1.3236,-0.1570
rio_38.tif,val,1.0842,1.2643,-0.1801
chincha_6.tif,val,0.7539,1.0318,-0.2779
daressalaam_93.tif,val,1.3342,1.4667,-0.1324
ngaoundere_22.tif,val,1.0449,0.9933,0.0516
chicago_49.tif,val,1.0142,0.9638,0.0504
santiago_15.tif,val,1.3457,1.3824,-0.0367
duesseldorf_39.tif,val,0.7792,0.6714,0.1078
aachen_18.tif,val,1.4033,1.4661,-0.0628
accra_42.tif,val,1.5418,1.7247,-0.1830
zachodniopomorskie_3.tif,val,0.2990,0.4043,-0.1053
slaskie_21.tif,val,0.4284,0.6176,-0.1892
viru_45.tif,val,0.8024,0.9402,-0.1378
ngaoundere_14.tif,val,0.7816,0.7364,0.0452
bielefeld_22.tif,val,1.1643,1.1939,-0.0296
accra_62.tif,val,1.2002,1.2898,-0.0895
svaneti_22.tif,val,1.1077,1.0768,0.0309
daressalaam_63.tif,val,1.4046,1.6368,-0.2322
lima_32.tif,val,0.6995,0.7066,-0.0071
lohur_21.tif,val,1.3002,1.4571,-0.1569
daressalaam_97.tif,val,1.2827,1.4205,-0.1378
tyrolw_2.tif,val,1.2996,1.2964,0.0032
ngaoundere_12.tif,val,1.3747,1.4026,-0.0279
pisco_42.tif,val,0.6347,0.7034,-0.0687
coxsbazar_12.tif,val,0.6878,0.5531,0.1347
duesseldorf_68.tif,val,0.8962,0.7697,0.1265
pointenoire_5.tif,val,1.2668,1.4191,-0.1523
coxsbazar_33.tif,val,0.3024,0.5196,-0.2172
monrovia_56.tif,val,1.3816,1.4388,-0.0572
dhaka_57.tif,val,1.1567,1.1097,0.0469
dhaka_33.tif,val,1.1354,1.0963,0.0391
chincha_31.tif,val,0.4773,0.5769,-0.0997
maputo_1.tif,val,1.2735,1.3745,-0.1010
rio_4.tif,val,1.7063,1.8266,-0.1203
bielefeld_61.tif,val,1.1841,1.2793,-0.0952
chiangmai_2.tif,val,0.8817,0.7190,0.1627
daressalaam_98.tif,val,1.3267,1.4496,-0.1229
chiclayo_17.tif,val,0.6173,0.6782,-0.0609
tokyo_23.tif,val,1.2622,1.3162,-0.0540
bielefeld_52.tif,val,1.3421,1.4689,-0.1268
paris_29.tif,val,1.2435,1.3554,-0.1119
dortmund_15.tif,val,0.8398,0.8762,-0.0364
maputo_13.tif,val,1.3194,1.3743,-0.0549
shanghai_5.tif,val,0.6854,0.0029,0.6825
paris_43.tif,val,1.3525,1.4570,-0.1045
aachen_29.tif,val,0.3256,0.6221,-0.2965
zanzibar_36.tif,val,0.8549,0.7995,0.0553
niamey_11.tif,val,1.3703,1.4806,-0.1102
shanghai_19.tif,val,0.9615,0.8036,0.1579
monrovia_8.tif,val,1.1151,1.0897,0.0254
dortmund_25.tif,val,0.8439,0.7598,0.0841
piura_41.tif,val,0.6039,0.7417,-0.1378
malopolskie_14.tif,val,0.2764,0.0460,0.2304
slaskie_31.tif,val,0.6254,0.7848,-0.1593
viru_22.tif,val,0.9835,1.0311,-0.0476
chincha_4.tif,val,0.8695,0.9937,-0.1242
dhaka_66.tif,val,0.8332,0.9791,-0.1459
kagera_34.tif,val,1.1457,1.1598,-0.0142
daressalaam_46.tif,val,0.9452,1.2987,-0.3535
tokyo_3.tif,val,1.3092,1.5366,-0.2274
tyrolw_1.tif,val,0.4070,0.3530,0.0541
tokyo_34.tif,val,1.3890,1.4001,-0.0111
ica_22.tif,val,0.6436,0.6313,0.0124
zanzibar_116.tif,val,1.1713,1.2589,-0.0876
ulaanbaatar_19.tif,val,1.0786,1.5227,-0.4441
lohur_22.tif,val,1.5583,1.6557,-0.0974
coxsbazar_43.tif,val,0.7292,0.7606,-0.0314
mahe_62.tif,val,1.3376,1.4147,-0.0770
baybay_18.tif,val,0.4791,0.8054,-0.3263
bielefeld_40.tif,val,1.0898,1.2351,-0.1453
mazowieckie_25.tif,val,0.3974,0.6211,-0.2236
muenster_31.tif,val,0.3914,0.4312,-0.0398
zanzibar_123.tif,val,0.2546,0.2136,0.0410
aachen_32.tif,val,1.2247,1.2720,-0.0473
baybay_14.tif,val,0.7615,0.7747,-0.0133
rosario_1.tif,val,1.4140,1.4589,-0.0449
tonga_42.tif,val,1.4739,1.5454,-0.0715
kyoto_48.tif,val,1.1622,1.3501,-0.1879
dortmund_16.tif,val,0.8820,1.0631,-0.1811
ngaoundere_43.tif,val,0.9570,0.6268,0.3302
viru_3.tif,val,0.6875,0.8456,-0.1581
chicago_50.tif,val,0.6849,0.6725,0.0124
khartoum_48.tif,val,1.2954,0.9488,0.3466
vienna_26.tif,val,1.1108,1.1139,-0.0032
daressalaam_28.tif,val,1.3131,1.4481,-0.1350
dortmund_56.tif,val,1.4001,1.5204,-0.1203
podlaskie_8.tif,val,0.3300,0.1619,0.1681
paris_48.tif,val,0.8069,0.8695,-0.0625
zanzibar_52.tif,val,0.8012,0.9174,-0.1162
daressalaam_89.tif,val,0.9272,0.9599,-0.0327
wielkopolskie_20.tif,val,0.6990,0.6681,0.0309
mahe_13.tif,val,1.1486,1.2432,-0.0947
mazowieckie_30.tif,val,0.6665,0.6576,0.0089
melbourne_50.tif,val,0.9199,0.9211,-0.0012
paris_1.tif,val,1.0165,1.0374,-0.0209
zanzibar_140.tif,val,0.9721,1.0095,-0.0374
baybay_44.tif,val,0.0424,0.0664,-0.0241
muenster_26.tif,val,1.8602,1.9566,-0.0964
accra_23.tif,val,1.5412,1.6548,-0.1136
monrovia_23.tif,val,1.3030,1.3592,-0.0562
zanzibar_21.tif,val,0.8525,0.8628,-0.0103
daressalaam_52.tif,val,0.7803,1.2808,-0.5005
mazowieckie_7.tif,val,0.5035,0.4495,0.0541
tokyo_54.tif,val,1.2389,1.3171,-0.0781
chicago_17.tif,val,0.4863,0.4245,0.0618
kinshasa_3.tif,val,1.0581,1.2054,-0.1474
daressalaam_127.tif,val,1.2204,1.4061,-0.1857
svaneti_7.tif,val,0.9747,1.1346,-0.1600
paris_65.tif,val,1.4238,1.4807,-0.0569
austin_49.tif,val,1.2919,1.3706,-0.0787
monrovia_24.tif,val,0.6253,0.6718,-0.0466
austin_50.tif,val,1.1686,1.2053,-0.0367
christchurch_2.tif,val,1.0083,1.0525,-0.0443
svaneti_43.tif,val,0.3495,0.4292,-0.0797
baybay_41.tif,val,0.7853,0.8289,-0.0437
lohur_3.tif,val,0.1909,0.2018,-0.0108
austin_12.tif,val,0.9033,0.7314,0.1719
warminsko-mazurskie_9.tif,val,0.0826,0.2118,-0.1293
mahe_41.tif,val,0.9221,0.9400,-0.0179
svaneti_46.tif,val,0.4994,0.5309,-0.0315
tyrolw_18.tif,val,0.5191,0.4337,0.0854
wielkopolskie_32.tif,val,1.0761,1.0450,0.0311
lambayeque_45.tif,val,1.0922,1.2031,-0.1109
melbourne_53.tif,val,1.1779,1.1462,0.0317
zanzibar_97.tif,val,0.5172,0.3449,0.1724
austin_17.tif,val,1.1920,1.3239,-0.1319
dortmund_55.tif,val,1.5765,1.6736,-0.0971
western_23.tif,val,0.9694,0.8932,0.0762
vegas_39.tif,val,0.3863,0.4235,-0.0372
malopolskie_10.tif,val,1.0467,0.9529,0.0938
rio_20.tif,val,0.9809,1.0157,-0.0348
melbourne_37.tif,val,1.2946,1.3792,-0.0847
austin_19.tif,val,0.5494,0.5550,-0.0056
coxsbazar_56.tif,val,1.3030,1.3995,-0.0965
dolnoslaskie_7.tif,val,0.5029,0.3568,0.1462
christchurch_30.tif,val,1.5774,1.6923,-0.1148
chincha_30.tif,val,1.0133,1.3247,-0.3114
lima_24.tif,val,0.2935,0.3211,-0.0276
pointenoire_8.tif,val,1.2670,1.4320,-0.1650
paris_24.tif,val,1.1054,1.2096,-0.1042
zanzibar_16.tif,val,0.4848,0.6735,-0.1887
santiago_50.tif,val,0.7940,0.7461,0.0478
pomorskie_9.tif,val,0.5326,0.5097,0.0228
piura_21.tif,val,1.1332,1.1897,-0.0565
viru_46.tif,val,1.0145,1.0798,-0.0652
dhaka_7.tif,val,1.1260,1.1019,0.0240
kyoto_38.tif,val,0.7821,0.8135,-0.0314
santiago_57.tif,val,1.0328,1.2509,-0.2181
santiago_51.tif,val,1.3935,1.5485,-0.1550
ulaanbaatar_34.tif,val,1.0144,1.2610,-0.2467
dhaka_1.tif,val,1.2629,1.3686,-0.1057
khartoum_33.tif,val,1.0911,1.0866,0.0045
aachen_14.tif,val,1.3839,1.3677,0.0162
kagera_69.tif,val,1.3790,1.4091,-0.0302
chisinau_18.tif,val,1.1330,1.2499,-0.1169
vienna_51.tif,val,1.2447,1.3084,-0.0637
tonga_34.tif,val,1.4361,1.3404,0.0956
khartoum_68.tif,val,1.1835,1.1305,0.0530
swietokrzyskie_15.tif,val,0.5040,0.4945,0.0096
coxsbazar_44.tif,val,0.8098,1.0222,-0.2124
lima_10.tif,val,0.9239,1.0440,-0.1201
vienna_33.tif,val,1.0808,0.8703,0.2106
kitsap_19.tif,val,0.7545,0.6962,0.0584
chisinau_24.tif,val,1.0657,1.1405,-0.0748
daressalaam_19.tif,val,1.2711,1.2432,0.0279
svaneti_37.tif,val,0.6081,0.7658,-0.1576
rosario_6.tif,val,1.3396,1.5423,-0.2028
tyrolw_41.tif,val,0.4149,0.3034,0.1116
bielefeld_24.tif,val,1.7523,1.7739,-0.0216
aachen_52.tif,val,1.1628,1.3488,-0.1860
slaskie_39.tif,val,0.7646,0.8429,-0.0782
mahe_8.tif,val,0.9403,0.9185,0.0218
ngaoundere_64.tif,val,1.1906,1.0012,0.1894
accra_6.tif,val,1.3015,1.4186,-0.1171
bielefeld_35.tif,val,1.3726,1.5190,-0.1464
malopolskie_36.tif,val,0.6143,0.5033,0.1110
svaneti_55.tif,val,0.6985,0.7640,-0.0654
vegas_32.tif,val,0.2189,0.2677,-0.0488
shanghai_20.tif,val,0.8240,0.9382,-0.1142
kujawsko-pomorskie_19.tif,val,0.5308,0.3569,0.1739
baybay_22.tif,val,0.6436,0.9438,-0.3002
tyrolw_3.tif,val,0.5160,0.4949,0.0211
swietokrzyskie_7.tif,val,0.3263,0.3434,-0.0171
zanzibar_32.tif,val,0.8083,0.8265,-0.0182
kyoto_61.tif,val,1.3954,1.5096,-0.1143
vienna_38.tif,val,0.8222,0.9209,-0.0987
christchurch_11.tif,val,1.1464,1.0825,0.0639
zanzibar_115.tif,val,0.9427,0.9582,-0.0155
chiclayo_35.tif,val,0.1027,0.4255,-0.3228
kyoto_20.tif,val,1.1714,1.3235,-0.1521
mahe_59.tif,val,0.4791,0.5626,-0.0835
vienna_14.tif,val,1.1732,1.2744,-0.1012
christchurch_35.tif,val,1.5973,1.7546,-0.1573
daressalaam_58.tif,val,1.2807,1.6017,-0.3210
bielefeld_66.tif,val,0.6604,0.5616,0.0987
svaneti_69.tif,val,0.1759,0.3341,-0.1582
sechura_42.tif,val,0.6481,0.7136,-0.0655
duesseldorf_54.tif,val,1.5101,1.6906,-0.1805
pomorskie_39.tif,val,0.3792,0.1743,0.2049
khartoum_9.tif,val,1.2493,1.2552,-0.0059
austin_24.tif,val,1.0770,1.1568,-0.0798
bielefeld_38.tif,val,1.2002,1.2849,-0.0847
ngaoundere_47.tif,val,1.1648,1.1915,-0.0267
niamey_10.tif,val,1.2403,1.3324,-0.0922
paris_6.tif,test,1.2062,1.2259,-0.0197
accra_68.tif,test,1.2830,1.4190,-0.1360
pomorskie_40.tif,test,0.9028,0.8713,0.0315
swietokrzyskie_11.tif,test,0.2761,0.3620,-0.0858
lambayeque_12.tif,test,1.2082,1.3692,-0.1610
kitsap_3.tif,test,0.7655,0.7997,-0.0342
koeln_28.tif,test,1.7376,1.7793,-0.0417
ica_37.tif,test,1.0780,1.1527,-0.0746
koeln_43.tif,test,0.6480,0.8648,-0.2167
paris_13.tif,test,1.5112,1.4877,0.0235
bielefeld_33.tif,test,1.6339,1.7823,-0.1484
bielefeld_27.tif,test,1.0378,1.1389,-0.1011
christchurch_32.tif,test,1.6121,1.6416,-0.0295
kitsap_20.tif,test,0.8508,0.8774,-0.0266
shanghai_2.tif,test,0.7804,0.7561,0.0243
vienna_2.tif,test,1.1179,1.0269,0.0909
santiago_54.tif,test,0.4946,0.5040,-0.0094
daressalaam_40.tif,test,1.3850,1.5293,-0.1443
lambayeque_31.tif,test,0.7744,0.7593,0.0151
melbourne_29.tif,test,0.8897,0.9131,-0.0234
melbourne_13.tif,test,1.2754,1.2382,0.0372
tokyo_38.tif,test,1.3549,1.5990,-0.2442
tyrolw_7.tif,test,0.8594,0.7747,0.0847
zanzibar_28.tif,test,0.7687,0.7162,0.0525
chicago_8.tif,test,1.3772,1.5736,-0.1965
viru_39.tif,test,0.5220,0.5938,-0.0718
coxsbazar_46.tif,test,0.8221,0.8004,0.0216
lima_22.tif,test,0.3760,0.4059,-0.0299
paris_46.tif,test,1.2204,1.3972,-0.1768
dhaka_48.tif,test,0.5139,0.3762,0.1377
daressalaam_24.tif,test,1.2048,1.4362,-0.2314
lohur_9.tif,test,1.4816,1.4290,0.0526
vienna_58.tif,test,1.3639,1.3267,0.0373
viru_6.tif,test,1.2006,1.1671,0.0335
svaneti_63.tif,test,0.6464,0.5855,0.0609
abancay_45.tif,test,1.2213,1.1694,0.0519
tonga_4.tif,test,1.4251,1.5189,-0.0938
austin_48.tif,test,1.0863,1.0960,-0.0097
daressalaam_104.tif,test,1.2500,1.2731,-0.0232
austin_20.tif,test,0.8292,0.8498,-0.0206
zanzibar_120.tif,test,0.4871,1.1772,-0.6901
podkarpackie_13.tif,test,0.4812,0.5206,-0.0394
baybay_11.tif,test,0.6488,0.7379,-0.0891
aachen_27.tif,test,1.2593,1.3181,-0.0588
coxsbazar_65.tif,test,0.6164,0.7180,-0.1016
melbourne_62.tif,test,1.0654,0.8744,0.1910
daressalaam_108.tif,test,1.0475,1.2712,-0.2237
maputo_11.tif,test,1.0746,1.2147,-0.1401
melbourne_61.tif,test,0.9721,1.0311,-0.0590
abancay_11.tif,test,0.9679,0.8796,0.0883
duesseldorf_51.tif,test,0.9811,1.1423,-0.1612
zanzibar_122.tif,test,0.4624,0.5969,-0.1345
coxsbazar_76.tif,test,0.2616,0.3102,-0.0486
daressalaam_56.tif,test,0.9911,1.4025,-0.4114
chicago_2.tif,test,1.0841,1.0384,0.0457
kyoto_27.tif,test,1.0629,0.9606,0.1023
lubuskie_21.tif,test,0.5460,0.6025,-0.0565
tonga_22.tif,test,1.1013,1.0912,0.0101
koeln_8.tif,test,1.2167,1.1362,0.0805
kagera_44.tif,test,1.0371,1.1350,-0.0978
ngaoundere_56.tif,test,0.8965,0.7799,0.1166
paris_51.tif,test,1.1765,1.1605,0.0160
khartoum_61.tif,test,1.1849,1.1506,0.0343
dortmund_50.tif,test,1.3354,1.4765,-0.1410
podkarpackie_9.tif,test,0.4039,0.4660,-0.0621
christchurch_66.tif,test,0.4912,0.3106,0.1806
pisco_49.tif,test,1.1413,1.2525,-0.1112
zanzibar_146.tif,test,0.9638,0.9024,0.0614
rotterdam_13.tif,test,1.2575,1.3415,-0.0840
mahe_67.tif,test,0.4825,0.4154,0.0671
tyrolw_49.tif,test,1.2165,1.3865,-0.1700
coxsbazar_36.tif,test,0.8392,0.9270,-0.0878
vegas_7.tif,test,1.3183,1.5057,-0.1874
koeln_27.tif,test,0.7600,0.4712,0.2888
monrovia_60.tif,test,1.2979,1.3417,-0.0438
swietokrzyskie_37.tif,test,0.2031,0.1729,0.0303
mahe_30.tif,test,0.7256,0.6803,0.0453
daressalaam_99.tif,test,1.0446,1.0989,-0.0542
duesseldorf_28.tif,test,1.4490,1.6103,-0.1612
vegas_10.tif,test,1.1098,1.4029,-0.2931
daressalaam_75.tif,test,0.7346,1.0383,-0.3037
daressalaam_65.tif,test,0.7870,1.4050,-0.6180
chiclayo_30.tif,test,0.8671,0.7609,0.1062
vienna_25.tif,test,1.2008,1.1426,0.0582
chisinau_4.tif,test,0.9959,0.9998,-0.0039
zanzibar_30.tif,test,0.8239,0.9072,-0.0833
lima_12.tif,test,0.1457,0.2206,-0.0749
chiangmai_3.tif,test,1.1382,1.0610,0.0772
lambayeque_6.tif,test,1.2271,1.2459,-0.0188
muenster_15.tif,test,1.5585,1.6430,-0.0845
pomorskie_33.tif,test,0.6290,0.6399,-0.0109
coxsbazar_73.tif,test,0.2908,0.3342,-0.0434
accra_20.tif,test,1.2163,1.2074,0.0089
vienna_41.tif,test,0.7239,0.9809,-0.2570
ngaoundere_52.tif,test,1.2833,1.3579,-0.0746
aachen_12.tif,test,1.5968,1.6363,-0.0396
dowa_20.tif,test,0.5728,0.6785,-0.1058
rio_59.tif,test,1.3462,1.4933,-0.1471
wielkopolskie_4.tif,test,0.2339,0.1640,0.0699
zanzibar_69.tif,test,0.8503,0.8697,-0.0193
monrovia_31.tif,test,1.3802,1.4522,-0.0719
coxsbazar_38.tif,test,0.5909,0.9740,-0.3831
ica_46.tif,test,0.9019,1.0894,-0.1875
warminsko-mazurskie_4.tif,test,0.4237,0.3874,0.0363
mahe_28.tif,test,1.0135,1.0752,-0.0616
aachen_26.tif,test,1.1649,1.1909,-0.0260
tonga_46.tif,test,1.3725,1.1519,0.2206
dortmund_68.tif,test,1.5012,1.6624,-0.1612
swietokrzyskie_27.tif,test,0.3666,0.1638,0.2028
melbourne_6.tif,test,1.4188,1.4624,-0.0436
zanzibar_98.tif,test,1.2304,1.3189,-0.0885
zanzibar_57.tif,test,0.8896,0.8470,0.0426
mahe_48.tif,test,1.1429,1.0244,0.1185
daressalaam_105.tif,test,1.0260,1.2166,-0.1906
abancay_19.tif,test,1.2021,1.3139,-0.1117
lohur_10.tif,test,1.2047,1.1984,0.0063
tyrolw_8.tif,test,0.4463,0.8615,-0.4152
rotterdam_40.tif,test,1.2836,1.3477,-0.0641
santiago_10.tif,test,1.1211,1.1753,-0.0542
chicago_39.tif,test,0.7836,0.9549,-0.1713
svaneti_19.tif,test,0.4679,0.6149,-0.1471
dowa_14.tif,test,0.8821,1.0426,-0.1605
dortmund_35.tif,test,0.8740,0.9491,-0.0751
coxsbazar_62.tif,test,1.4590,1.5466,-0.0876
bielefeld_26.tif,test,1.6241,1.7156,-0.0915
chisinau_8.tif,test,1.1008,1.0447,0.0560
viru_14.tif,test,0.3888,0.5393,-0.1506
wielkopolskie_35.tif,test,0.4484,0.4594,-0.0110
dhaka_44.tif,test,1.0935,1.1485,-0.0550
koeln_9.tif,test,1.3743,1.4887,-0.1144
pomorskie_29.tif,test,0.5221,0.5298,-0.0077
sechura_34.tif,test,0.6622,0.6548,0.0074
svaneti_56.tif,test,0.3609,0.5610,-0.2001
mahe_26.tif,test,1.0449,1.1046,-0.0596
lima_47.tif,test,0.9551,0.7990,0.1561
zanzibar_90.tif,test,0.4905,0.8190,-0.3285
mahe_39.tif,test,1.2635,1.3164,-0.0530
dolnoslaskie_1.tif,test,0.4535,0.6085,-0.1550
tyrolw_14.tif,test,0.3954,0.3915,0.0039
sechura_13.tif,test,0.4959,0.7300,-0.2340
viru_48.tif,test,0.9268,1.1197,-0.1929
koeln_30.tif,test,0.3131,0.2543,0.0588
muenster_55.tif,test,1.6239,1.7092,-0.0853
koeln_23.tif,test,0.6609,0.6367,0.0242
chicago_9.tif,test,1.3683,1.6180,-0.2497
mahe_55.tif,test,0.7519,0.8165,-0.0646
sechura_47.tif,test,1.2336,1.2255,0.0081
muenster_66.tif,test,0.9800,0.9604,0.0196
austin_33.tif,test,1.0815,1.0355,0.0460
kyoto_5.tif,test,1.0439,1.2843,-0.2405
bogota_6.tif,test,1.3065,1.3577,-0.0512
ngaoundere_53.tif,test,1.0956,1.2595,-0.1640
kujawsko-pomorskie_1.tif,test,0.2171,0.1407,0.0764
mahe_68.tif,test,0.9729,1.0740,-0.1010
rotterdam_27.tif,test,0.3557,0.3840,-0.0283
tyrolw_37.tif,test,1.1834,1.2354,-0.0520
duesseldorf_13.tif,test,0.8484,0.9262,-0.0778
lima_34.tif,test,1.0163,1.1185,-0.1022
duesseldorf_64.tif,test,1.6169,1.7225,-0.1056
chiclayo_41.tif,test,0.3500,0.6823,-0.3322
mahe_49.tif,test,0.7316,0.5159,0.2156
koeln_14.tif,test,1.0722,1.1316,-0.0595
podkarpackie_20.tif,test,0.7721,0.8386,-0.0665
rio_34.tif,test,1.4934,1.6832,-0.1898
duesseldorf_10.tif,test,0.9332,1.0370,-0.1038
pomorskie_7.tif,test,0.7238,0.4551,0.2687
tonga_45.tif,test,1.3621,1.2730,0.0891
zanzibar_56.tif,test,1.0870,0.9551,0.1319
zanzibar_46.tif,test,0.9397,1.0611,-0.1214
christchurch_68.tif,test,0.4762,0.4934,-0.0172
kyoto_9.tif,test,1.4550,1.6743,-0.2193
chincha_45.tif,test,1.0473,1.0184,0.0288
melbourne_36.tif,test,1.0690,1.1361,-0.0671
kyoto_4.tif,test,1.1393,0.8684,0.2709
bielefeld_20.tif,test,0.8893,0.9548,-0.0655
chiclayo_32.tif,test,0.8541,0.6726,0.1814
khartoum_16.tif,test,0.8276,0.7897,0.0379
pomorskie_26.tif,test,0.4097,0.4315,-0.0218
melbourne_58.tif,test,1.1851,1.1453,0.0398
chincha_39.tif,test,0.3738,0.6257,-0.2518
rotterdam_20.tif,test,1.2959,1.4044,-0.1085
daressalaam_6.tif,test,1.1383,1.2841,-0.1458
tyrolw_17.tif,test,1.1495,1.2868,-0.1373
baybay_59.tif,test,0.5594,0.6338,-0.0744
mahe_36.tif,test,1.2873,1.5191,-0.2318
pisco_43.tif,test,1.1682,1.1809,-0.0127
pointenoire_6.tif,test,1.3254,1.4907,-0.1654
christchurch_40.tif,test,1.5247,1.5640,-0.0393
rotterdam_29.tif,test,1.2907,1.2638,0.0268
christchurch_19.tif,test,1.6743,1.7316,-0.0573
coxsbazar_14.tif,test,0.5440,0.8155,-0.2715
paris_59.tif,test,1.3589,1.3847,-0.0258
koeln_41.tif,test,0.7267,0.8174,-0.0907
dortmund_48.tif,test,1.5040,1.6571,-0.1531
maputo_17.tif,test,1.3637,1.4921,-0.1284
pisco_17.tif,test,0.8029,0.9216,-0.1187
svaneti_21.tif,test,0.8733,0.8644,0.0089
dowa_11.tif,test,1.0466,1.2082,-0.1615
aachen_46.tif,test,1.6456,1.7591,-0.1135
maputo_2.tif,test,1.2031,1.2742,-0.0711
tonga_18.tif,test,0.9339,0.9867,-0.0528
kujawsko-pomorskie_12.tif,test,1.0834,1.1285,-0.0451
soriano_16.tif,test,1.5154,0.7526,0.7629
khartoum_58.tif,test,1.0981,0.9324,0.1657
accra_66.tif,test,0.3524,0.6429,-0.2904
western_3.tif,test,0.7214,0.8368,-0.1154
kyoto_7.tif,test,1.3410,1.3632,-0.0223
koeln_7.tif,test,1.5519,1.6517,-0.0999
christchurch_25.tif,test,0.7506,0.6600,0.0906
austin_22.tif,test,0.9923,1.0820,-0.0897
austin_32.tif,test,1.4027,1.4711,-0.0684
svaneti_14.tif,test,0.8660,1.0362,-0.1702
chisinau_48.tif,test,0.8755,0.9347,-0.0592
coxsbazar_16.tif,test,0.5184,0.4388,0.0797
dhaka_5.tif,test,1.4119,1.3568,0.0551
kyoto_14.tif,test,1.4309,1.6223,-0.1914
lima_37.tif,test,0.2247,0.3331,-0.1083
malopolskie_34.tif,test,0.3176,0.2608,0.0568
accra_59.tif,test,0.7013,0.8368,-0.1355
coxsbazar_7.tif,test,0.7629,0.7683,-0.0054
